pid,topic_slug,slug,status,first_seen,content_sha,last_changed,source_url,surgery_type
9cc1fa8dd6dc,ac-joint,saint-louis-university-slucare-reconstruction,active,2026-07-25,12422d15c190,2026-07-25,https://www.slu.edu/medicine/orthopaedic-surgery/sports-medicine/-pdf/ac-joint-reconstruction.pdf,Reconstruction
e3b1541d826a,ac-joint-osteoarthritis,dr-michael-c-fu-md-hospital-for-special-ac-joint-osteoarthritis-non,active,2026-07-25,7226b36e7c2b,2026-07-25,https://static1.squarespace.com/static/5f4aeeb4071f03320cf2138a/t/65ce935ebf19ef59632d890f/1708036958155/AC+joint+arthritis.pdf,AC Joint Osteoarthritis (Non-Operative)
29fe3366ff0c,ac-joint-reconstruction,dr-michael-c-fu-md-hospital-for-special-acromioclavicular-ac-joint,active,2026-07-25,88901c57ae57,2026-07-25,https://static1.squarespace.com/static/5f4aeeb4071f03320cf2138a/t/5fd37b6949491e48364d5ffb/1607695209749/AC+Recon.pdf,Acromioclavicular (AC) Joint Reconstruction
1148e06fdb49,ac-joint-reconstruction,iortho,active,2026-07-25,fddbf475b84f,2026-07-25,https://iorthomd.com/wp-content/uploads/2024/09/Post-Operative-Rehabilitation-Protocol-for-AC-Joint-Reconstruction.pdf,AC Joint Reconstruction
c91d54091d5c,ac-joint-reconstruction,mammoth-orthopedic-institute-mammoth-acromioclavicular-ac-joint,active,2026-07-25,0dff00ce8041,2026-07-25,https://www.mammothortho.com/pdf/shoulder-ac-reconstruction-new.pdf,Acromioclavicular (AC) Joint Reconstruction
7c70a0826356,ac-joint-reconstruction,massachusetts-general-hospital-acromioclavicular-joint-reconstruction,active,2026-07-25,322495c0d8dd,2026-07-25,https://www.massgeneral.org/assets/MGH/pdf/orthopaedics/sports-medicine/physical-therapy/rehabilitation-protocol-for-acromioclavicular-joint-reconstruction.pdf,Acromioclavicular Joint Reconstruction
8f875535534c,ac-joint-reconstruction,nyu-langone-health-ac-joint-distal-clavicle-reconstruction,active,2026-07-25,9024590221b9,2026-07-25,https://www.orthopedicsurgerybrooklyn.com/wp-content/uploads/2024/07/AC-Joint-Distal-Clavicle-Rehabilitation-Protocol-1.pdf,AC Joint / Distal Clavicle Reconstruction (Post-Operative)
4aaba64a7e8a,ac-joint-reconstruction,sutter-health-palo-alto-medical,active,2026-07-25,72bc0f46bd80,2026-07-25,https://www.kevinrothmd.com/pdfs/ac-joint-reconstruction-protocol-2024.pdf,AC Joint Reconstruction
7c58ee7461af,ac-joint-reconstruction,ucla-department-of-orthopaedic-surgery,active,2026-07-25,706817207547,2026-07-25,https://sa1s3.patientpop.com/assets/docs/307029.pdf,AC Joint Reconstruction
7f5cd998ab02,ac-joint-reconstruction,university-of-colorado-anschutz-cu,active,2026-07-25,7e264075d098,2026-07-25,https://medschool.cuanschutz.edu/docs/librariesprovider65/eric-mccarty/documents/ac-joint-reconstruction-protocol2647a7e8302864d9a5bfff02001ce385.pdf?sfvrsn=e96fc3b4_0,AC Joint Reconstruction
3ff4bdb8f2e6,ac-joint-reconstruction,university-of-virginia-orthopaedic-coracoclavicular-cc-ligament,active,2026-07-25,89b800857310,2026-07-25,https://med.virginia.edu/orthopaedic-surgery/wp-content/uploads/sites/242/2023/01/CC-Ligament-Reconstruction.pdf,Coracoclavicular (CC) Ligament Reconstruction
b7142bb62915,ac-joint-repair,orthopaedic-associates-of-maine,active,2026-07-25,f5a198b39634,2026-07-25,https://octanecdn.com/growthortho/growthortho_692444233.pdf,AC Joint Repair
064668e8ce8e,accessory-navicular-excision,mammoth-orthopedic-institute-sierra-kidner-procedure-accessory,active,2026-07-25,b91eb3362752,2026-07-25,https://www.mammothortho.com/pdf/ankle-kidner-accessory-navicular-excision.pdf,Kidner Procedure (Accessory Navicular Excision)
9382a1ac9a4d,accessory-navicular-excision,orthopaedic-associates-of-maine-with-posterior-tibialis-tendon,active,2026-07-25,96d57d4b33e1,2026-07-25,https://octanecdn.com/growthortho/growthortho_686399822.pdf,with Posterior Tibialis Tendon Advancement
e09ee79b2e1b,achilles-tendon-repair,iortho,active,2026-07-25,c76d1738df7b,2026-07-25,https://iorthomd.com/wp-content/uploads/2024/09/Rehabilitation-Protocol-for-Achilles-Tendon-Repair.pdf,Achilles Tendon Repair
236653d15e3a,achilles-tendon-repair,lahey-hospital-and-medical-center,active,2026-07-25,4dacbbe37391,2026-07-25,https://www.lahey.org/-/media/files/lhmc/orthopedics/foot/lhmc-achilles-tendon-rupture-repair-protocol.pdf,Achilles Tendon Repair
ed2bc061b861,achilles-tendon-repair,mammoth-orthopedic-institute-sierra,active,2026-07-25,63c42c12eeed,2026-07-25,https://www.mammothortho.com/pdf/ankle-achilles-tendon-repair-protocol.pdf,Achilles Tendon Repair
7a1dc54a148d,achilles-tendon-repair,ohio-state-university-wexner-medical,active,2026-07-25,3c58e95bf4ef,2026-07-25,https://medicine.osu.edu/-/media/files/medicine/departments/sports-medicine/medical-professionals/knee-ankle-and-foot/achilles-repair-protocol-2022updates.pdf,Achilles Tendon Repair
a93c74e4d9bd,achilles-tendon-repair,orthopaedic-associates-of-maine,active,2026-07-25,8d2fcfcd2924,2026-07-25,https://octanecdn.com/growthortho/growthortho_155704964.pdf,Achilles Tendon Repair
856d21b312d9,achilles-tendon-repair,orthopedic-and-sports-medicine,active,2026-08-02,e3750bab25db,2026-08-02,https://osmsgb.s3.amazonaws.com/wp-content/uploads/2022/06/06111100/OSMSPT.AchillesRepair.pdf,Achilles Tendon Repair
4b92267ceeb0,achilles-tendon-repair,orthopedic-and-sports-medicine-early-weight-bearing-achilles-repair,active,2026-08-02,ce153750dd0e,2026-08-02,https://osmsgb.s3.amazonaws.com/wp-content/uploads/2022/06/06111137/OSMSPT.AchillesEarlyWB.pdf,Early Weight-Bearing Achilles Repair
e434ad3b03ba,achilles-tendon-repair,sam-health,active,2026-07-25,108d8ef0170a,2026-07-25,https://samhealth.org/wp-content/uploads/2023/09/Rehabilitation-Guidelines-for-Achilles-Tendon-Repair-338.pdf,Achilles Tendon Repair
767e09e21ae9,achilles-tendon-repair,sanford-health,active,2026-07-25,f0c7ea194b1f,2026-07-25,https://www.sanfordhealth.org/-/media/org/files/medical-professionals/resources-and-education/achilles-tendon-repair.pdf,Achilles Tendon Repair
e5bbc650b7d2,achilles-tendon-repair,somos-society-of-military-orthopaedic,active,2026-07-25,58094f6bf99d,2026-07-25,https://www.somos.org/assets/RehabilitationGuidelines/Achilles%20Tendon%20Repair%20Rehabilitation%20%28MAY%202020%29%20-%20Final.pdf,Achilles Tendon Repair
af4fc385961f,achilles-tendon-repair,sutter-health-palo-alto-medical,active,2026-07-25,332f33b75d56,2026-07-25,https://www.kevinrothmd.com/pdfs/achilles-tendon-repair-protocol-2024.pdf,Achilles Tendon Repair
b9c446af9e3f,achilles-tendon-repair,university-hospitals,active,2026-07-25,74e0bef98bcf,2026-07-25,https://www.uhhospitals.org/-/media/files/services/rehabilitation/achilles-tendon-repair-guidelines.pdf,Achilles Tendon Repair
9625fa4a6d19,achilles-tendon-repair,university-of-virginia-orthopaedic,active,2026-07-25,35ce289b3f59,2026-07-25,https://med.virginia.edu/orthopaedic-surgery/wp-content/uploads/sites/242/2023/01/Sports-achilles-protocol.pdf,Achilles Tendon Repair
131790b146a1,achilles-tendon-repair,uw-health-sports-medicine,active,2026-07-25,f2e3a433f89e,2026-07-25,https://bynder.uwhealth.org/m/583f38cdd2a085b1/original/Rehab-Guideline-Achilles-Tendon-Repair.pdf,Achilles Tendon Repair
a55621723a47,achilles-tendon-repair,uw-health-sports-medicine-insertional-achilles-tendon-repair,active,2026-07-25,b74b3ebf42d4,2026-07-25,https://bynder.uwhealth.org/m/ef27a2324d69f234/original/Rehab-Guideline-Insertional-Achilles-Tendon-Repair.pdf,Insertional Achilles Tendon Repair
ad7823268671,achilles-tendon-repair,uw-health-sports-medicine-pars-achilles-tendon-repair-percutaneous,active,2026-07-25,ea9330bdb341,2026-07-25,https://bynder.uwhealth.org/m/314ea22bcadd236b/original/Rehabilitation-Guideline-PARS-Achilles-Tendon-Repair.pdf,PARS Achilles Tendon Repair (Percutaneous)
be1dde50cbe0,achilles-tendon-rupture,massachusetts-general-hospital-repair,active,2026-07-25,0973fd959c38,2026-07-25,https://www.massgeneral.org/assets/mgh/pdf/orthopaedics/sports-medicine/physical-therapy/rehabilitation-protocol-for-achilles-tendon-repair.pdf,Repair
b4cb9fb69b11,achilles-tendon-rupture,saint-louis-university-slu-non-operative,active,2026-07-25,cb8174bc447c,2026-07-25,https://www.slu.edu/medicine/orthopaedic-surgery/sports-medicine/-pdf/achilles-tear-non-op-rehab-protocol.pdf,Non-Operative
4a6813a97c4d,achilles-tendon-rupture,sanford-health-achilles-tendon-rupture-non-operative,active,2026-07-25,5d265bb913a9,2026-07-25,https://www.sanfordhealth.org/-/media/org/files/medical-professionals/resources-and-education/non-operative-achilles-rupture-guidelines.pdf,Achilles Tendon Rupture (Non-Operative)
68c448b64589,achilles-tendon-rupture,university-of-colorado-anschutz-cu-repair,active,2026-07-25,985e8744d6c3,2026-07-25,https://medschool.cuanschutz.edu/docs/librariesprovider65/foot-ankle/foot-and-ankle-post-op-protocols/achilles-tendon-rupture-repair.pdf?sfvrsn=d31577bb_2,Repair
9c63b3c4f650,aci,iortho-femoral-condyle,active,2026-07-25,5ad8557bc270,2026-07-25,https://iorthomd.com/wp-content/uploads/2024/06/Rehabilitation-Protocol-for-ACI-Femoral-Condyle.pdf,Femoral Condyle
a974ba5f1d54,aci,iortho-trochlea-patella,active,2026-07-25,db2a3af45629,2026-07-25,https://iorthomd.com/wp-content/uploads/2024/06/Rehabilitation-Protocol-for-ACI-Trochlea-Patella.pdf,Trochlea / Patella
4186d4ae3a96,aci,lahey-hospital-and-medical-center-microfracture-and-autologous,active,2026-07-25,39121e56b361,2026-07-25,https://www.lahey.org/-/media/files/lhmc/orthopedics/knee/lhmc-microfracture-aci.pdf,Microfracture and Autologous Chondrocyte Implantation (ACI)
9c3b92313665,acl,iortho-non-operative-management,active,2026-07-25,c650eda23cdd,2026-07-25,https://iorthomd.com/wp-content/uploads/2024/06/Rehabilitation-Protocol-for-Non-Operative-Management-of-ACL_Injuries_iOrtho-1.pdf,Non-Operative Management
dbb89bdf8e28,acl,iortho-reconstruction,active,2026-07-25,af29a4bccdd0,2026-07-25,https://iorthomd.com/wp-content/uploads/2024/06/Rehabilitation-Protocol-for-Anterior-Cruciate-Ligament-ACL-Reconstruction.pdf,ACL Reconstruction
500da2224436,acl,massachusetts-general-hospital-non-operative-acl-management,active,2026-07-25,b6c94085b157,2026-07-25,https://www.massgeneral.org/assets/MGH/pdf/orthopaedics/sports-medicine/physical-therapy/rehabilitation-protocol-for-non-operative-ACL-repair.pdf,Non-Operative ACL Management
fd3753541db7,acl-and-pcl-reconstruction,sanford-health,active,2026-07-25,3107d1da0b0e,2026-07-25,https://www.sanfordhealth.org/-/media/org/files/medical-professionals/resources-and-education/acl-and-pcl.pdf,ACL and PCL Reconstruction
fa3902344c73,acl-and-plc-reconstruction,sanford-health,active,2026-07-25,ca55736f5feb,2026-07-25,https://www.sanfordhealth.org/-/media/org/files/medical-professionals/resources-and-education/acl-and-plc.pdf,ACL and PLC Reconstruction
9c897b8f88dd,acl-reconstruction,brigham-and-womens-hospital-all-graft-types,active,2026-07-25,761daf57a33b,2026-07-25,https://www.brighamandwomens.org/assets/BWH/patients-and-families/rehabilitation-services/pdfs/acl-protocol.pdf,ACL Reconstruction — All Graft Types
7787833b6c1e,acl-reconstruction,brigham-and-womens-hospital-allograft,active,2026-07-25,6133510b8129,2026-07-25,https://www.brighamandwomens.org/assets/bwh/patients-and-families/pdfs/knee---acl-allograft-protocol.pdf,ACL Reconstruction — Allograft
1bde59b22bc6,acl-reconstruction,brigham-and-womens-hospital-bptb-autograft,active,2026-07-25,8c4fa06c819e,2026-07-25,https://www.brighamandwomens.org/assets/BWH/patients-and-families/rehabilitation-services/pdfs/knee-acl-patella-tendon-autograft-protocol-bwh.pdf,ACL Reconstruction — BPTB Autograft
1328d20ae4e4,acl-reconstruction,brigham-and-womens-hospital-hamstring-autograft,active,2026-07-25,07719717aca7,2026-07-25,https://www.brighamandwomens.org/assets/bwh/patients-and-families/rehabilitation-services/pdfs/knee-acl-hamstring-tendon-autograft-protocol-bwh.pdf,ACL Reconstruction — Hamstring Autograft
3a566b849a0e,acl-reconstruction,dr-brian-cole-md-rush-university-bptb-allograft-autograft,active,2026-07-25,981a8529fa5a,2026-07-25,https://www.briancolemd.com/wp-content/themes/ypo-theme/pdf/aclallograft2.pdf,ACL Reconstruction — BPTB Allograft/Autograft
0ec80dbfd68d,acl-reconstruction,e-and-b-orthopedics-with-medial-meniscus-repair,active,2026-07-25,70c60d4d1ddd,2026-07-25,https://eandbortho.com/wp-content/uploads/2023/09/ACL-RECONSTRUCTION-WITH-MEDIAL-MENISCUS-REPAIR-PROTOCOL.pdf,ACL Reconstruction with Medial Meniscus Repair
f4f86edb8fb9,acl-reconstruction,mammoth-orthopedic-institute-sierra-acl-with-quad-tendon-autograft-and,active,2026-07-25,587d44cc464a,2026-07-25,https://www.mammothortho.com/pdf/acl-with-quad-tendon-autograft-and-all-recontruction-gilmer.pdf,ACL with Quad Tendon Autograft and Anterolateral Ligament (ALL) Reconstruction
20ea34f58008,acl-reconstruction,mammoth-orthopedic-institute-sierra-hamstring-autograft,active,2026-07-25,d07bd2e513d7,2026-07-25,https://www.mammothortho.com/pdf/acl-hamstring-graft-gilmer.pdf,ACL Reconstruction — Hamstring Autograft
77646eb10614,acl-reconstruction,mammoth-orthopedic-institute-sierra-quad-tendon-autograft,active,2026-07-25,10dd4a70bc97,2026-07-25,https://www.mammothortho.com/pdf/acl-quadriceps-tendon-graft-gilmer.pdf,ACL Reconstruction — Quad Tendon Autograft
96f43bde4c75,acl-reconstruction,mammoth-orthopedic-institute-sierra-with-quad-tendon-graft-and,active,2026-07-25,773d43fb21d6,2026-07-25,https://www.mammothortho.com/pdf/acl-quadriceps-tendon-graft-with-meniscal-repair-gilmer.pdf,ACL Reconstruction with Quad Tendon Graft and Meniscal Repair
3e4b313dfd7a,acl-reconstruction,massachusetts-general-hospital-allograft,active,2026-07-25,3aa9a352fc7b,2026-07-25,https://www.massgeneral.org/assets/mgh/pdf/orthopaedics/sports-medicine/physical-therapy/rehabilitation-protocol-for-acl.pdf,ACL Reconstruction — Allograft
7153af623dc4,acl-reconstruction,massachusetts-general-hospital-bptb-autograft,active,2026-07-25,1007ecfe4503,2026-07-25,https://www.massgeneral.org/assets/mgh/pdf/orthopaedics/sports-medicine/physical-therapy/rehabilitation-protocol-for-acl.pdf,ACL Reconstruction — BPTB Autograft
377863fefaf1,acl-reconstruction,massachusetts-general-hospital-hamstring-autograft,active,2026-07-25,3174c04d7b3a,2026-07-25,https://www.massgeneral.org/assets/mgh/pdf/orthopaedics/sports-medicine/physical-therapy/rehabilitation-protocol-for-acl.pdf,ACL Reconstruction — Hamstring Autograft
8fbb63f4415c,acl-reconstruction,massachusetts-general-hospital-pediatric,active,2026-07-25,d0eed07882fd,2026-07-25,https://www.massgeneral.org/assets/MGH/pdf/orthopaedics/sports-medicine/physical-therapy/Pediatric-ACL-reconstruction-protocol.pdf,ACL Reconstruction — Pediatric
092dc5fe41ee,acl-reconstruction,moon-group-multicenter-orthopaedics-moon-rehabilitation-guidelines,active,2026-07-25,7e3dfb15c714,2026-07-25,https://medschool.cuanschutz.edu/docs/librariesprovider65/eric-mccarty/rehab-protocols/acl-moon-protocol.pdf?sfvrsn=1f1693b9_2,ACL Reconstruction — MOON Rehabilitation Guidelines
9ad367daad6a,acl-reconstruction,mountain-orthopaedics-btb-bone-tendon-bone,active,2026-07-25,990d3563d8c4,2026-07-25,https://s43932.pcdn.co/wp-content/uploads/sites/206/2024/12/ACL-BTB.pdf,ACL Reconstruction (BTB - Bone-Tendon-Bone)
dde9de667901,acl-reconstruction,mountain-orthopaedics-hamstring-graft,active,2026-07-25,75b8895983c1,2026-07-25,https://s43932.pcdn.co/wp-content/uploads/sites/206/2024/12/ACL-HAMSTRING.pdf,ACL Reconstruction (Hamstring Graft)
58b90ec51e54,acl-reconstruction,nyu-langone-health-and-meniscus-repair,active,2026-07-25,1595f3a91637,2026-07-25,https://www.orthopedicsurgerybrooklyn.com/wp-content/uploads/2024/07/ACL-Reconstruction-and-Meniscus-Repair-Rehabilitation-Protocol-1.pdf,ACL Reconstruction and Meniscus Repair
8666e66e44a0,acl-reconstruction,nyu-langone-health-isolated-acl-reconstruction,active,2026-07-25,19f20313ccb7,2026-07-25,https://www.orthopedicsurgerybrooklyn.com/wp-content/uploads/2024/07/Isolated-ACL-Reconstruction-Rehabilitation-Protocol-1.pdf,Isolated ACL Reconstruction
a823e469d29b,acl-reconstruction,ohio-state-university-wexner-medical-hamstring-autograft,active,2026-07-25,c8c8549b28be,2026-07-25,https://medicine.osu.edu/-/media/files/medicine/departments/sports-medicine/medical-professionals/knee-ankle-and-foot/acl-reconstruction-hamstrings-autograft_2023.pdf,ACL Reconstruction — Hamstring Autograft
76cdc5c72c68,acl-reconstruction,ohio-state-university-wexner-medical-quad-tendon-autograft,active,2026-07-25,d082e066709c,2026-07-25,https://hrs.osu.edu/-/media/files/wexnermedical/patient-care/healthcare-services/sports-medicine/education/medical-professionals/knee-ankle-and-foot/acl-quad-tendon-81319.pdf,ACL Reconstruction — Quad Tendon Autograft
1c32a9472db0,acl-reconstruction,orthopaedic-associates-of-maine,active,2026-07-25,4ae2daa04d60,2026-07-25,https://octanecdn.com/growthortho/growthortho_511243168.pdf,ACL Reconstruction
44a635a1ac4c,acl-reconstruction,orthopaedic-associates-of-maine-with-complex-meniscus-repair,active,2026-07-25,85048e432840,2026-07-25,https://octanecdn.com/growthortho/growthortho_776214953.pdf,with Complex Meniscus Repair
0691bcdfde8b,acl-reconstruction,orthopaedic-associates-of-maine-with-simple-meniscus-repair,active,2026-07-25,66ca5fb24f68,2026-07-25,https://octanecdn.com/growthortho/growthortho_762482838.pdf,with Simple Meniscus Repair
71f0e7c70e8c,acl-reconstruction,orthopedic-and-sports-medicine,active,2026-08-02,220b0f28ecb3,2026-08-02,https://osmsgb.s3.amazonaws.com/wp-content/uploads/2023/03/09103337/OSMSPT.ACLReconstruction.pdf,ACL Reconstruction
8d41e054555b,acl-reconstruction,orthopedic-and-sports-medicine-with-mcl-reconstruction,active,2026-08-02,46e7ba458115,2026-08-02,https://osmsgb.s3.amazonaws.com/wp-content/uploads/2022/06/09103549/OSMSPT.ACLwithMCL.pdf,ACL Reconstruction with MCL Reconstruction
7e2e6a6c7712,acl-reconstruction,saint-louis-university-slucare,active,2026-07-25,bcf8483fb303,2026-07-25,https://www.slu.edu/medicine/orthopaedic-surgery/sports-medicine/-pdf/acl-r-guidelines-final-22.pdf,ACL Reconstruction
28adf0db41d3,acl-reconstruction,sam-health-skeletally-mature-athlete,active,2026-07-25,a0f68138e484,2026-07-25,https://samhealth.org/wp-content/uploads/2023/09/Rehabilitation-Guidelines-for-ACL-Reconstruction-338.pdf,ACL Reconstruction (Skeletally Mature Athlete)
4b9c4725de14,acl-reconstruction,sanford-health,active,2026-07-25,af458c7cb400,2026-07-25,https://www.sanfordhealth.org/-/media/org/files/medical-professionals/resources-and-education/acl-reconstruction-guideline.pdf,ACL Reconstruction
811adf5a9042,acl-reconstruction,somos-society-of-military-orthopaedic-isolated-no-meniscal-repair,active,2026-07-25,19580045dcfe,2026-07-25,https://www.somos.org/assets/RehabilitationGuidelines/Anterior%20Cruciate%20Ligament%20Reconstruction%20Rehabilitation%20%28MAY%202020%29%20-%20Final.pdf,ACL Reconstruction — Isolated (No Meniscal Repair)
a40ad1ddc40d,acl-reconstruction,sutter-health-palo-alto-medical,active,2026-07-25,b9d7fc2dd774,2026-07-25,https://www.kevinrothmd.com/pdfs/acl-reconstruction-protocol-2024-latest.pdf,ACL Reconstruction
ef5890a07b9c,acl-reconstruction,sutter-health-palo-alto-medical-plus-meniscus-repair,active,2026-07-25,15a6aee59a31,2026-07-25,https://www.kevinrothmd.com/pdfs/acl-reconstruction-and-meniscus-repair-protocol-2024.pdf,ACL Reconstruction + Meniscus Repair
1914f332b8ac,acl-reconstruction,the-steadman-clinic,active,2026-07-25,8475f48c6666,2026-07-25,https://drmillett.com/wp-content/uploads/2014/03/acl-rehab-protocol-Dr-Millett.pdf,ACL Reconstruction
d347f6b31d63,acl-reconstruction,ucla-department-of-orthopaedic-surgery-allograft,active,2026-07-25,5c5d6519234d,2026-07-25,https://sa1s3.patientpop.com/assets/docs/306966.pdf,ACL Reconstruction — Allograft
c80475f10173,acl-reconstruction,ucla-department-of-orthopaedic-surgery-allograft-with-meniscus-repair,active,2026-07-25,7e8f68f99f5f,2026-07-25,https://sa1s3.patientpop.com/assets/docs/306967.pdf,ACL Reconstruction — Allograft with Meniscus Repair
4a1d2feaa173,acl-reconstruction,ucla-department-of-orthopaedic-surgery-btb-autograft-with,active,2026-07-25,c98feecc6535,2026-07-25,https://sa1s3.patientpop.com/assets/docs/306969.pdf,ACL Reconstruction — BTB Autograft with Osteochondral Allograft
0389368384c2,acl-reconstruction,ucla-department-of-orthopaedic-surgery-hamstring-tendon-autograft,active,2026-07-25,6044024c49d9,2026-07-25,https://sa1s3.patientpop.com/assets/docs/307009.pdf,ACL Reconstruction — Hamstring Tendon Autograft
3cb090473a15,acl-reconstruction,ucla-department-of-orthopaedic-surgery-hamstring-tendon-autograft-with,active,2026-07-25,b5f6cf1c8689,2026-07-25,https://sa1s3.patientpop.com/assets/docs/307007.pdf,ACL Reconstruction — Hamstring Tendon Autograft with Meniscus Repair
d2fcc2853f55,acl-reconstruction,ucla-department-of-orthopaedic-surgery-patellar-tendon-btb-autograft,active,2026-07-25,2f20ab6553d8,2026-07-25,https://sa1s3.patientpop.com/assets/docs/306968.pdf,ACL Reconstruction — Patellar Tendon (BTB) Autograft
b95eb7b1f9e9,acl-reconstruction,university-hospitals-btb-hamstring-quad-autograft-or,active,2026-07-25,113b293cb76f,2026-07-25,https://www.uhhospitals.org/-/media/files/services/rehabilitation/anterior-cruciate-ligament-reconstruction-rehabilitation-guidelines.pdf,ACL Reconstruction (BTB/Hamstring/Quad Autograft or Allograft) +/- Meniscectomy
2092d481f7f2,acl-reconstruction,university-hospitals-with-meniscus-repair-incl-meniscus-root,active,2026-07-25,9619b9ec3f58,2026-07-25,https://www.uhhospitals.org/-/media/files/services/rehabilitation/anterior-cruciate-ligament-reconstruction-rehabilitation-guidelines.pdf,ACL Reconstruction with Meniscus Repair (incl. Meniscus Root Repair)
92112a2c2b93,acl-reconstruction,university-of-colorado-anschutz-cu-with-meniscus-repair,active,2026-07-25,6cdcbc9293f1,2026-07-25,https://medschool.cuanschutz.edu/docs/librariesprovider65/eric-mccarty/rehab-protocols/acl-and-meniscus-repair-protocol-2024.pdf?sfvrsn=f9fdc1bb_0,ACL Reconstruction with Meniscus Repair
c657617e6dde,acl-reconstruction,university-of-delaware-physical-therapy-all-graft-types,active,2026-07-25,cac91648d40c,2026-07-25,https://bpb-us-w2.wpmucdn.com/sites.udel.edu/dist/c/3448/files/2016/01/UDPT-ACL-Rehab-Guideline-REVISED.pdf,ACL Reconstruction — All Graft Types
2a542b15ab5f,acl-reconstruction,university-of-new-mexico-unm-sports,active,2026-07-25,1e4cd121cba9,2026-07-25,https://hsc.unm.edu/medicine/departments/ortho-rehab/orthopaedics/fellowships/sports/_id_docs/2025_sports_protocols/acl-reconstruction.pdf,ACL Reconstruction
7d55cd72bab4,acl-reconstruction,university-of-new-mexico-unm-sports-with-meniscus-repair,active,2026-07-25,d3ea921c16fb,2026-07-25,https://hsc.unm.edu/medicine/departments/ortho-rehab/orthopaedics/fellowships/sports/_id_docs/2025_sports_protocols/acl-with-meniscus-repair.pdf,ACL Reconstruction with Meniscus Repair
61731d0edabb,acl-reconstruction,university-of-virginia-orthopaedic-multiple-graft-types,active,2026-07-25,6e0441cc3fa6,2026-07-25,https://med.virginia.edu/orthopaedic-surgery/wp-content/uploads/sites/242/2021/06/ACL-Reconstruction-1.pdf,ACL Reconstruction — Multiple Graft Types
53ae27b1f68a,acl-reconstruction,university-of-virginia-orthopaedic-with-meniscus-repair-or,active,2026-07-25,bbd9815395b6,2026-07-25,https://med.virginia.edu/orthopaedic-surgery/wp-content/uploads/sites/242/2023/01/ACL-Meniscal-Repair-protocol.pdf,ACL Reconstruction with Meniscus Repair or Microfracture
3d38ed0134b2,acl-reconstruction,university-orthopedics-brown-university-acl-revision-reconstruction,active,2026-07-25,85b17bd83c8a,2026-07-25,https://universityorthopedics.com/assets/knee/ACL-revision-protocol.pdf,ACL Revision Reconstruction
67c99857c177,acl-reconstruction,university-orthopedics-brown-university-criterion-based,active,2026-07-25,eef9cd846902,2026-07-25,https://universityorthopedics.com/assets/layout/UOI-ACL-Protocol-final.pdf,ACL Reconstruction (Criterion-Based)
cf7edf790057,acl-reconstruction,uw-health-sports-medicine-all-soft-tissue-graft-adult,active,2026-07-25,c548aed67c69,2026-07-25,https://bynder.uwhealth.org/m/72081a70a4fafbc0/original/ACL-Reconstruction-in-the-Adult-Athlete-with-All-Soft-Tissue-Graft.pdf,ACL Reconstruction — All Soft Tissue Graft (Adult)
3e3794a2ac63,acl-reconstruction,uw-health-sports-medicine-hamstring-graft-no-hardware-older,active,2026-07-25,a1d4c9acaad1,2026-07-25,https://bynder.uwhealth.org/m/f45bfa194965daa2/original/Rehab-Guideline-ACL-Reconstruction-Older-Adolescent.pdf,"ACL Reconstruction — Hamstring Graft, No Hardware (Older Adolescent)"
a6655b35b91d,acl-reconstruction,uw-health-sports-medicine-hamstring-graft-over-the-top-adolescent,active,2026-07-25,8ec5326e21fa,2026-07-25,https://bynder.uwhealth.org/m/8adf544417074ebb/original/Rehab-Guideline-ACL-Reconstruction-in-the-Pediatric-Athlete-with-HSG-OTT.pdf,ACL Reconstruction — Hamstring Graft Over-the-Top (Adolescent)
1e1b5936f478,acl-reconstruction,uw-health-sports-medicine-it-band-extraphyseal-pediatric,active,2026-07-25,059ebaf52f08,2026-07-25,https://bynder.uwhealth.org/m/d417da45e31118be/original/Rehab-Guideline-ACL-Reconstruction-Pediatric.pdf,ACL Reconstruction — IT Band Extraphyseal (Pediatric)
0edf74f9b2ee,acl-reconstruction,uw-health-sports-medicine-patellar-tendon-graft-adult,active,2026-07-25,2d8a679e9bfe,2026-07-25,https://bynder.uwhealth.org/m/4e35ff6ba4ebbd2/original/Rehab-Guideline-ACL-Reconstruction-Adult-with-PT-Graft.pdf,ACL Reconstruction — Patellar Tendon Graft (Adult)
b8ea149ecba8,acl-reconstruction,uw-health-sports-medicine-quadriceps-tendon-graft-adult,active,2026-07-25,39e9906998aa,2026-07-25,https://bynder.uwhealth.org/m/7b41045306bae87f/original/ACL-Reconstruction-in-the-Adult-Athlete-with-QT-graft.pdf,ACL Reconstruction — Quadriceps Tendon Graft (Adult)
7ef9d952eba0,acl-reconstruction-with-chondral-surgery,mammoth-orthopedic-institute-sierra-acl-reconstruction-gilmer,active,2026-07-25,5b0aacf80a5f,2026-07-25,https://www.mammothortho.com/pdf/acl-reconstruction-with-microfracture-or-chondral-surgery-femoral-condyle-or-tibial-plateau-gilmer.pdf,ACL Reconstruction with Microfracture or Chondral Surgery (Femoral Condyle or Tibial Plateau)
7cb0f00f8ee9,acl-reconstruction-with-chondral-surgery,mammoth-orthopedic-institute-sierra-acl-reconstruction-with,active,2026-07-25,75753c172dab,2026-07-25,https://www.mammothortho.com/pdf/acl-reconstruction-with-microfracture-or-chondral-surgery-to-trochlea-or-patella-gilmer.pdf,ACL Reconstruction with Microfracture or Chondral Surgery (Trochlea or Patella)
68961393fd96,acl-repair,mammoth-orthopedic-institute-sierra-primary,active,2026-07-25,596229c53caf,2026-07-25,https://www.mammothortho.com/pdf/acl-repair-gilmer.pdf,ACL Repair (Primary)
8a035bdd2ae4,acl-repair,nyu-langone-health-tibial-spine-avulsion-repair,active,2026-07-25,c88496b2de77,2026-07-25,https://www.orthopedicsurgerybrooklyn.com/wp-content/uploads/2024/07/Tibial-Spine-Avulsion-Repair-Rehabilitation-Protocol-1.pdf,Tibial Spine Avulsion Repair
505d9630858a,acl-repair,orthopaedic-associates-of-maine,active,2026-07-25,318aff0e896d,2026-07-25,https://octanecdn.com/growthortho/growthortho_506930511.pdf,ACL Repair
b66ff8c3838c,acl-repair,university-hospitals-primary-incl-bridge-enhanced-acl,active,2026-07-25,9874b639b602,2026-07-25,https://www.uhhospitals.org/-/media/files/services/rehabilitation/anterior-cruciate-ligament-reconstruction-rehabilitation-guidelines.pdf,"ACL Repair (Primary), incl. Bridge-Enhanced ACL Restoration (BEAR)"
b3e6fc865e48,acl-repair,university-of-new-mexico-unm-sports-primary,active,2026-07-25,24450ebe6701,2026-07-25,https://hsc.unm.edu/medicine/departments/ortho-rehab/orthopaedics/fellowships/sports/_id_docs/2025_sports_protocols/acl-repair.pdf,ACL Repair (Primary)
9ae55583f1d0,acromioplasty,orthopaedic-associates-of-maine-arthroscopic,active,2026-07-25,096ab38128d9,2026-07-25,https://octanecdn.com/growthortho/growthortho_904689198.pdf,Arthroscopic
4d7e4c8801b3,adhesive-capsulitis,dr-michael-c-fu-md-hospital-for-special-adhesive-capsulitis-frozen,active,2026-07-25,7f4154008d3c,2026-07-25,https://static1.squarespace.com/static/5f4aeeb4071f03320cf2138a/t/65ce9305d6efd6518611c734/1708036870273/Frozen+shoulder.pdf,Adhesive Capsulitis (Frozen Shoulder)
015e0aff300e,adhesive-capsulitis,dr-michael-c-fu-md-hospital-for-special-arthroscopic-capsular-release,active,2026-07-25,bd24e23c8a46,2026-07-25,https://static1.squarespace.com/static/5f4aeeb4071f03320cf2138a/t/5f4d149f5f7b3051652cd739/1598887072052/Capsular+release.pdf,Arthroscopic Capsular Release
c2af56c7ce75,adhesive-capsulitis,saint-louis-university-slucare-manipulation-arthroscopic-capsular,active,2026-07-25,e2073529e57a,2026-07-25,https://www.slu.edu/medicine/orthopaedic-surgery/sports-medicine/-pdf/shoulder-manipulation-and-shoulder-arthroscopic-capsular-release.pdf,Manipulation / Arthroscopic Capsular Release
344d335dacfa,adhesive-capsulitis,university-of-delaware-physical-therapy-manipulation-under-anesthesia,active,2026-07-25,77338d955f87,2026-07-25,https://bpb-us-w2.wpmucdn.com/sites.udel.edu/dist/c/3448/files/2016/01/Adhesive-Capsuliis-of-the-Shoulder.pdf,Adhesive Capsulitis (Manipulation Under Anesthesia / Distention)
b6652fb75c91,adhesive-capsulitis,university-of-virginia-orthopaedic-loa-mua-with-biceps-tenodesis-and,active,2026-07-25,75044d34a1dc,2026-07-25,https://med.virginia.edu/orthopaedic-surgery/wp-content/uploads/sites/242/2024/12/LOA-MUA-with-tenodesis-or-RCR.pdf,LOA/MUA with Biceps Tenodesis and/or Small Rotator Cuff Repair
7373adb7ecad,adhesive-capsulitis,university-of-virginia-orthopaedic-shoulder-lysis-of-adhesions,active,2026-07-25,4837c88acd73,2026-07-25,https://med.virginia.edu/orthopaedic-surgery/wp-content/uploads/sites/242/2024/12/LOA-MUA.pdf,Shoulder Lysis of Adhesions / Manipulation under Anesthesia (LOA/MUA)
fa5579840879,ankle-arthroplasty,iortho-total-ankle-arthroplasty,active,2026-07-25,0b47770dbc4a,2026-07-25,https://iorthomd.com/wp-content/uploads/2024/09/Rehabilitation-Guidelines-for-Total-Ankle-Arthroplasty.pdf,Total Ankle Arthroplasty
09e193182f8c,ankle-fracture,dr-megan-wolf-md-non-operative,active,2026-07-25,75d80d560186,2026-07-25,https://www.meganwolfmd.com/pdf/foot-and-ankle/ankle-fracture-non-op-protocol.pdf,Ankle Fracture Non-Operative
fa8442e5ba2f,ankle-fracture,iortho-the-orthopedic-institute-orif,active,2026-07-25,53704f8b0dc9,2026-07-25,https://iorthomd.com/wp-content/uploads/2024/09/Rehabilitation-Protocol-for-Ankle-Fracture-with-ORIF.pdf,Ankle Fracture ORIF
c8076ecbf36e,ankle-fracture,massachusetts-general-hospital-orif,active,2026-07-25,a901d6964a16,2026-07-25,https://www.massgeneral.org/assets/mgh/pdf/orthopaedics/sports-medicine/physical-therapy/rehabilitation-protocol-for-ankle-fracture-with-orif.pdf,Ankle Fracture ORIF
f8690fab08ae,ankle-fracture,mountain-orthopedics-ankle-foot-fracture-rehabilitation,active,2026-07-25,ecb2d4200f8c,2026-07-25,https://mountainortho.com/wp-content/uploads/sites/206/2024/09/Ankle-Fractures-and-Foot-Fractures-Rehabilitation-Protocol.pdf,Ankle/Foot Fracture Rehabilitation (Operative & Non-Operative)
6818b4f42c7c,ankle-fracture,orthopedic-and-sports-medicine-orif,active,2026-08-02,243fb2b868d6,2026-08-02,https://osmsgb.s3.amazonaws.com/wp-content/uploads/2025/11/06111014/Non-Op-Ankle-Fracture-ORIF-Post-op.pdf,Ankle Fracture ORIF
ee02c3bbc358,ankle-fracture,orthopedic-specialists-of-seattle-non-operative,active,2026-07-25,ffa70e3a5ff8,2026-07-25,https://orthopedicspecialistsofseattle.com/healthcare/guidelines/non-operative-treatment-of-an-ankle-fracture/,Ankle Fracture Non-Operative
de043d8a51e1,ankle-fracture,south-bend-orthopaedics-non-operative,active,2026-07-25,4cb0e33086b8,2026-07-25,https://www.sbortho.com/wp-content/uploads/2023/09/ankle-fx-protocol-nonop-with-pt-2021.pdf,Ankle Fracture Non-Operative
edb1b9d85bb1,ankle-fracture,sutter-health-palo-alto-medical-orif,active,2026-07-25,284cee7974ba,2026-07-25,https://www.kevinrothmd.com/pdfs/ankle-orif-protocol-2024.pdf,Ankle Fracture ORIF
951ef3ef5970,ankle-fracture,university-of-colorado-anschutz-cu-orif,active,2026-07-25,a843a0168d18,2026-07-25,https://medschool.cuanschutz.edu/docs/librariesprovider65/foot-ankle/foot-and-ankle-post-op-protocols/ankle-fracture-orif.pdf?sfvrsn=6e1577bb_2,Ankle Fracture ORIF
427524ceb539,ankle-ligament-repair,iortho-brostrom-repair,active,2026-07-25,8644f384824a,2026-07-25,https://iorthomd.com/wp-content/uploads/2024/09/Rehabilitation-Protocol-for-Brostrom-Lateral-Ankle-Ligament-Repair.pdf,Brostrom Repair
318394920fc0,ankle-ligament-repair,massachusetts-general-hospital-brostrom-lateral-ankle-ligament-repair,active,2026-07-25,fb41837fdd53,2026-07-25,https://www.massgeneral.org/assets/MGH/pdf/orthopaedics/sports-medicine/physical-therapy/rehabilitation-protocol-for-brostrom-repair.pdf,Brostrom Lateral Ankle Ligament Repair
75411fb26ed7,ankle-sprain,iortho-non-operative-management,active,2026-07-25,f6a396ed23ee,2026-07-25,https://iorthomd.com/wp-content/uploads/2024/09/Rehabilitation-Protocol-for-Lateral-Ankle-Sprain-Non-Operative-Management.pdf,Non-Operative Management
8401d7ed42dd,ankle-sprain,massachusetts-general-hospital-lateral-ankle-sprain-non-operative,active,2026-07-25,b2f06f7edfa4,2026-07-25,https://www.massgeneral.org/assets/MGH/pdf/orthopaedics/sports-medicine/physical-therapy/rehabilitation-protocol-for-ankle-sprain.pdf,Lateral Ankle Sprain — Non-Operative
5a38180fe737,ankle-sprain,ohio-state-university-wexner-medical-chronic-ankle-instability-cai-non,active,2026-07-25,6d15e13da923,2026-07-25,https://hrs.osu.edu/-/media/files/wexnermedical/patient-care/healthcare-services/sports-medicine/education/medical-professionals/knee-ankle-and-foot/chronic-ankle-instability-cpg-2019.pdf?la=en&hash=97A3C17853F6072AD5C6C759ED46AE8E4CD546E2,Chronic Ankle Instability (CAI) — Non-Operative
8990d382cabb,ankle-sprain,sanford-health-ankle-sprain-non-operative,active,2026-07-25,42346da74098,2026-07-25,https://www.sanfordhealth.org/-/media/org/files/medical-professionals/resources-and-education/014000-01095-flyer-ankle-sprain-rehabilitation-pt-guideline.pdf,Ankle Sprain (Non-Operative)
d54c1712d0b8,ankle-sprain,south-bend-orthopaedics-lateral-ankle-sprain-non-operative,active,2026-07-25,dcd35f0db2db,2026-07-25,https://www.sbortho.com/wp-content/uploads/2023/09/lateral-ankle-sprain-protocol-2021.pdf,Lateral Ankle Sprain — Non-Operative
33c8c17a1935,anterior-glenohumeral-dislocation,sanford-health-anterior-glenohumeral-dislocation-non,active,2026-07-25,82b4a40fe6bc,2026-07-25,https://www.sanfordhealth.org/-/media/org/files/medical-professionals/resources-and-education/anterior-gh-dislocation.pdf,Anterior Glenohumeral Dislocation (Non-Operative)
8be51325eb27,anterior-shoulder-instability-acute-anterior-dislocation,ucla-department-of-orthopaedic-surgery-anterior-shoulder-instability,active,2026-07-25,fbc91e34acaf,2026-07-25,https://sa1s3.patientpop.com/assets/docs/307036.pdf,Anterior Shoulder Instability / Acute Anterior Dislocation (Non-Operative)
107b287b961f,anterior-tibialis-repair,orthopaedic-associates-of-maine,active,2026-07-25,ba5334f28559,2026-07-25,https://octanecdn.com/growthortho/growthortho_428045504.pdf,Anterior Tibialis Repair
5b1b6f5fe198,arthroscopy,university-orthopedics-brown-university-ankle-arthroscopy,active,2026-07-25,4903ce065c85,2026-07-25,https://universityorthopedics.com/assets/arthroscopy.pdf,Ankle Arthroscopy
c638eaf6ce03,arthroscopy-cartilage-procedure,university-orthopedics-brown-university-ankle-arthroscopy-with,active,2026-07-25,c91beb8cb97c,2026-07-25,https://universityorthopedics.com/assets/arthroscopywithmicro.pdf,Ankle Arthroscopy with Microfracture
bdee068c3d44,athletic-pubalgia,iortho-non-operative-management,active,2026-07-25,9db7580b9a00,2026-07-25,https://iorthomd.com/wp-content/uploads/2024/09/Rehabilitation-Protocol-for-Athletic-Pubalgia-Non-Operative-Management.pdf,Non-Operative Management
29aa9e6566db,athletic-pubalgia,massachusetts-general-hospital-athletic-pubalgia-non-operative,active,2026-07-25,34639098694d,2026-07-25,https://www.massgeneral.org/assets/MGH/pdf/orthopaedics/sports-medicine/physical-therapy/rehabilitation-protocol-for-athletic-pubalgia-non-operative-management.pdf,Athletic Pubalgia (Non-Operative)
ae65115610b6,bankart-repair,lahey-hospital-and-medical-center-arthroscopic-anterior-capsulolabral,active,2026-07-25,43821baf48b9,2026-07-25,https://www.lahey.org/-/media/files/lhmc/orthopedics/shoulder/lhmc-arthroscopic-anterior-capsulobabral-repair-of-the-shoulder-bankart-repair-rehabilitation.pdf,Bankart Repair (Arthroscopic Anterior Capsulolabral Repair)
c80bf02172c5,bankart-repair,mammoth-orthopedic-institute-sierra-anterior-bankart-repair,active,2026-07-25,ae666cdd4f3a,2026-07-25,https://www.mammothortho.com/pdf/shoulder-bankart-repair-crall.pdf,Anterior Bankart Repair (Arthroscopic)
033741cc8e3a,bankart-repair,orthopaedic-associates-of-maine-arthroscopic,active,2026-07-25,a366deab8f2f,2026-07-25,https://octanecdn.com/growthortho/growthortho_949565327.pdf,Arthroscopic
ddbc328a6665,bankart-repair,somos-society-of-military-orthopaedic-anterior-shoulder-stabilization,active,2026-07-25,b32ea119c357,2026-07-25,https://www.somos.org/assets/RehabilitationGuidelines/Shoulder%20Instability%20Rehabilitation%20%28MAY%202020%29%20-%20Final.pdf,Anterior Shoulder Stabilization (Bankart/Capsulolabral Repair)
2bd45e7bef53,bankart-repair,sutter-health-palo-alto-medical-anterior-shoulder-stabilization,active,2026-07-25,f3601e5946e2,2026-07-25,https://www.kevinrothmd.com/pdfs/anterior-stabilization-protocol-2024.pdf,Anterior Shoulder Stabilization (Bankart Repair)
f6467bc48e03,bankart-repair,university-of-delaware-physical-therapy-arthroscopic-or-open,active,2026-07-25,99be664aae75,2026-07-25,https://bpb-us-w2.wpmucdn.com/sites.udel.edu/dist/c/3448/files/2016/01/Bankart-Repair.pdf,Bankart Repair (Arthroscopic or Open)
956c3debec96,bankart-repair,uw-health-sports-medicine-anterior-shoulder-reconstruction-with,active,2026-07-25,8e7c584c0122,2026-07-25,https://bynder.uwhealth.org/m/98cdcf76224c930c/original/Rehab-Guideline-Anterior-Shoulder-Reconstruction-with-Arthroscopic-Bankart-Repair.pdf,Anterior Shoulder Reconstruction with Arthroscopic Bankart Repair
c5fdb738a6c3,bankart-repair,uw-health-sports-medicine-anterior-shoulder-rehabilitati,active,2026-07-25,8c1eba68502e,2026-07-25,https://bynder.uwhealth.org/asset/2d9c5574-0f65-4f6e-825b-836651dca0f7/Rehab-Guidelines-Bankart-Repair.pdf,Anterior Shoulder Reconstruction with Arthroscopic Bankart Repair
8dd8baaaac7d,bankart-repair-anterior-capsulorrhaphy,sanford-health,active,2026-07-25,6271cb9eb920,2026-07-25,https://www.sanfordhealth.org/-/media/org/files/medical-professionals/resources-and-education/bankart-repair-guideline.pdf,Bankart Repair / Anterior Capsulorrhaphy
df1c51fa09d9,biceps-procedure,university-orthopedics-brown-university-biceps-tenodesis,active,2026-07-25,e435d0a35fc3,2026-07-25,https://universityorthopedics.com/assets/shoulder/Bicep-Tenodesis-Rehab-Protocol.pdf,Biceps Tenodesis
675359fd3116,biceps-tendinitis,dr-michael-c-fu-md-hospital-for-special-biceps-tendinitis-long-head,active,2026-07-25,334372b7085e,2026-07-25,https://static1.squarespace.com/static/5f4aeeb4071f03320cf2138a/t/65ce934776404126461fd5a3/1708036936065/Biceps+tendinitis.pdf,Biceps Tendinitis (Long Head)
29596b1a98f8,biceps-tendon,saint-louis-university-slucare-tenotomy-tenodesis-subacromial,active,2026-07-25,78f51ddc3620,2026-07-25,https://www.slu.edu/medicine/orthopaedic-surgery/sports-medicine/-pdf/biceps-tenotomy-and-tenodesis.pdf,Tenotomy / Tenodesis / Subacromial Decompression / Partial RC Debridement / Distal Clavicle Excision
80f44aff48e3,biceps-tenodesis,dr-michael-c-fu-md-hospital-for-special,active,2026-07-25,024ced785490,2026-07-25,https://static1.squarespace.com/static/5f4aeeb4071f03320cf2138a/t/69a997aab7da346b4becd7f5/1772722090234/Biceps+tenodesis.pdf,Biceps Tenodesis
faa103d59609,biceps-tenodesis,iortho,active,2026-07-25,e0386be8e4f3,2026-07-25,https://iorthomd.com/wp-content/uploads/2024/09/Rehabilitation-Guidelines-for-Biceps-Tenodesis.pdf,Biceps Tenodesis
7d38ca79ce4f,biceps-tenodesis,lahey-hospital-and-medical-center-long-head-of-biceps,active,2026-07-25,190e61c7532e,2026-07-25,https://www.lahey.org/-/media/files/lhmc/orthopedics/shoulder/lhmc-biceps-tenodesis.pdf,Biceps Tenodesis (Long Head of Biceps)
cbdb68d6beab,biceps-tenodesis,massachusetts-general-hospital,active,2026-07-25,7e55dedfb88a,2026-07-25,https://www.massgeneral.org/assets/MGH/pdf/orthopaedics/sports-medicine/physical-therapy/rehabilitation-protocol-for-biceps-tenodesis.pdf,Biceps Tenodesis
1baa85ba6391,biceps-tenodesis,nyu-langone-health,active,2026-07-25,a58c187e3d78,2026-07-25,https://www.orthopedicsurgerybrooklyn.com/wp-content/uploads/2025/05/Biceps-Tenodesis-Rehabilitation-Protocol.pdf,Biceps Tenodesis
34617cfc86f3,biceps-tenodesis,orthopaedic-associates-of-maine,active,2026-07-25,ba4530523b34,2026-07-25,https://octanecdn.com/growthortho/growthortho_854557027.pdf,Biceps Tenodesis
202b04af68be,biceps-tenodesis,somos-society-of-military-orthopaedic,active,2026-07-25,f9a4488bbd3d,2026-07-25,https://www.somos.org/assets/RehabilitationGuidelines/Bicep%20Tenodesis%20Rehabilitation%20%28MAY%202020%29%20-%20Final.pdf,Biceps Tenodesis
98534fec14a9,biceps-tenodesis,ucla-department-of-orthopaedic-surgery,active,2026-07-25,ad3c2119c65d,2026-07-25,https://sa1s3.patientpop.com/assets/docs/307037.pdf,Biceps Tenodesis
69ca92966c57,biceps-tenodesis,university-of-colorado-anschutz-cu,active,2026-07-25,0c60b0a3b903,2026-07-25,https://medschool.cuanschutz.edu/docs/librariesprovider65/eric-mccarty/rehab-protocols/biceps-tenodesis-protocol3711f0e6302864d9a5bfff0a001ce385.pdf?sfvrsn=f83994ba_0,Biceps Tenodesis
835b0e4f329f,biceps-tenodesis,university-of-new-mexico-unm-sports,active,2026-07-25,508c637ef600,2026-07-25,https://hsc.unm.edu/medicine/departments/ortho-rehab/orthopaedics/fellowships/sports/_id_docs/2025_sports_protocols/biceps-tenodesis.pdf,Biceps Tenodesis
b4dc89ca8ec7,biceps-tenodesis,university-of-virginia-orthopaedic-isolated,active,2026-07-25,df7bc25ea5eb,2026-07-25,https://med.virginia.edu/orthopaedic-surgery/wp-content/uploads/sites/242/2024/12/Isolated-Biceps-Tenodesis.pdf,Biceps Tenodesis (Isolated)
17dd66a3c6ea,biceps-tenodesis,uw-health-sports-medicine,active,2026-07-25,8e283ed5ff95,2026-07-25,https://bynder.uwhealth.org/m/8a7c2438102f495f/original/Rehab-Guideline-Biceps-Tenodesis.pdf,Biceps Tenodesis
f43e929d9e09,bony-mallet-repair,orthopaedic-associates-of-maine-zone-1-2,active,2026-07-25,71e5fb5adc15,2026-07-25,https://octanecdn.com/growthortho/growthortho_196134392.pdf,Zone 1-2
0eb462b353d2,bony-mallet-repair,uw-health-orthopedic-surgery-unitypoint-zone-i-mallet-finger-repair-k,active,2026-07-25,1db25bd75b63,2026-07-25,https://bynder.uwhealth.org/m/3c8e2d0eb7fd1447/original/Rehab-Guideline-Zone-1-Mallet-Injury-Conservative-and-Post-Op.pdf,Zone I Mallet Finger Repair — K-Wire Pinning
8f1d77b64c9c,botulinum-toxin-injection-lower-extremity,childrens-colorado-center-for-gait-and-botulinum-toxin-botox,active,2026-07-25,0a86ed393e9e,2026-07-25,https://www.childrenscolorado.org/globalassets/departments/orthopedics/pt-protocols.pdf#page=23,Botulinum Toxin (Botox) Injection - Lower Extremity
de15a6a58226,brostrom-repair,orthopaedic-associates-of-maine,active,2026-07-25,5dbebade9750,2026-07-25,https://octanecdn.com/growthortho/growthortho_197007818.pdf,Broström Repair
87a9c41116be,brostrom-repair,sam-health-chronic-lateral-ankle-instability,active,2026-07-25,cdde462120b1,2026-07-25,https://samhealth.org/wp-content/uploads/2023/09/Rehabilitation-Guidelines-for-Brostrom-Repair-338.pdf,Brostrom Repair (Chronic Lateral Ankle Instability)
39f7a9529c4b,calcaneal-apophysitis,massachusetts-general-hospital-calcaneal-apophysitis-severs-disease,active,2026-07-25,06b0fcac3702,2026-07-25,https://www.massgeneral.org/assets/MGH/pdf/orthopaedics/sports-medicine/physical-therapy/pediatric-Severs-Protocol.pdf,Calcaneal Apophysitis (Sever's Disease) — Pediatric
8c4df6f25990,calcaneal-osteotomy,childrens-colorado-center-for-gait-and-evans-calcaneal-lengthening,active,2026-07-25,044f1ecf56d4,2026-07-25,https://www.childrenscolorado.org/globalassets/departments/orthopedics/pt-protocols.pdf#page=21,Evans Calcaneal Lengthening
26dfeac99ae3,calcaneus-fracture,journal-of-foot-and-ankle-surgery-asia-non-operative,active,2026-07-25,2f7287359246,2026-07-25,https://www.jfasap.com/abstractArticleContentBrowse/JFASAP/21127/JPJ/fullText,Calcaneus Fracture — Non-Operative
851ebbc7fe11,calcaneus-fracture,south-bend-orthopaedics-non-operative,active,2026-07-25,af09a6ac3c37,2026-07-25,https://www.sbortho.com/wp-content/uploads/2023/09/calcaneus-fx-protocol-nonop-with-pt-2021.pdf,Calcaneus Fracture — Non-Operative
16a0c332e601,calcaneus-fracture,south-bend-orthopaedics-operative-orif-or-subtalar-fusion,active,2026-07-25,2501619ebd08,2026-07-25,https://www.sbortho.com/wp-content/uploads/2023/09/calcaneus-fx-protocol-op-with-pt-2021.pdf,Calcaneus Fracture — Operative (ORIF or Subtalar Fusion)
9f20773df39d,calcaneus-fracture,university-of-colorado-anschutz-cu-orif,active,2026-07-25,1d7565ab3040,2026-07-25,https://medschool.cuanschutz.edu/docs/librariesprovider65/foot-ankle/foot-and-ankle-post-op-protocols/calcaneus-fracture---orif-protocols.pdf?sfvrsn=ad1577bb_2,Calcaneus Fracture ORIF
f2274a54de48,capsulodesis,university-of-virginia-orthopaedic-blatts-capsulodesis,active,2026-07-25,18c37b43537e,2026-07-25,https://med.virginia.edu/orthopaedic-surgery/wp-content/uploads/sites/242/2024/09/Blatt_s-Capsulodesis.pdf,Blatt's Capsulodesis
f5a6c6e01f09,carpal-tunnel-release,university-of-virginia-orthopaedic,active,2026-07-25,b9542812cca1,2026-07-25,https://med.virginia.edu/orthopaedic-surgery/wp-content/uploads/sites/242/2024/09/Carpal-tunnel-release.pdf,Carpal Tunnel Release
1a3c9dd33c7b,cartilage-procedure,university-orthopedics-brown-university-microfracture-patellofemoral,active,2026-07-25,cca71f5a34bf,2026-07-25,https://universityorthopedics.com/assets/knee/MICROFRACTURE%20TREATMENTPatellofemoral.pdf,Microfracture (Patellofemoral)
beb682301cb0,cartilage-procedure,university-orthopedics-brown-university-microfracture-tibiofemoral,active,2026-07-25,239913a08806,2026-07-25,https://universityorthopedics.com/assets/knee/MICROFRACTURE.pdf,Microfracture (Tibiofemoral)
6466fd96a16d,cartilage-restoration,lahey-hospital-and-medical-center-patellofemoral-microfracture-oats,active,2026-07-25,c85a44bfce00,2026-07-25,https://www.lahey.org/-/media/files/lhmc/orthopedics/knee/lhmc-microfracture-oats-aci.pdf,Patellofemoral Microfracture / OATS / ACI
2dd20c6cd9ab,cartilage-restoration,mammoth-orthopedic-institute-sierra-maci-matrix-induced-autologous,active,2026-07-25,28e758709a34,2026-07-25,https://www.mammothortho.com/pdf/maci-patellofemoral-joint-protocol-gilmer.pdf,MACI (Matrix-Induced Autologous Chondrocyte Implantation) — Patellofemoral Joint
c1fbf1ac7697,cartilage-restoration,mammoth-orthopedic-institute-sierra-maci-matrix-induced-gilmer,active,2026-07-25,c137060cd0c4,2026-07-25,https://www.mammothortho.com/pdf/maci-tibiofemoral-joint-protocol-gilmer.pdf,MACI (Matrix-Induced Autologous Chondrocyte Implantation) — Tibiofemoral Joint
2d45b54de3ae,cartilage-restoration,massachusetts-general-hospital-autologous-chondrocyte-implantation-aci,active,2026-07-25,3d56b7a4a1b5,2026-07-25,https://www.massgeneral.org/assets/MGH/pdf/orthopaedics/sports-medicine/physical-therapy/rehabilitation-protocol-for-ACI-femoral-condyle.pdf,Autologous Chondrocyte Implantation (ACI) — Femoral Condyle
6205e50c0f4b,cartilage-restoration,massachusetts-general-hospital-autologous-chondrocyte-medicine,active,2026-07-25,8a87fb726f99,2026-07-25,https://www.massgeneral.org/assets/MGH/pdf/orthopaedics/sports-medicine/physical-therapy/rehabilitation-protocol-for-ACI-patella.pdf,Autologous Chondrocyte Implantation (ACI) — Trochlea / Patella
da927f4e0696,cartilage-restoration,massachusetts-general-hospital-microfracture-femoral-condyle-patella,active,2026-07-25,99fd040b498b,2026-07-25,https://www.massgeneral.org/assets/MGH/pdf/orthopaedics/sports-medicine/physical-therapy/rehabilitation-protocol-for-microfracture-femoral-condyle.pdf,Microfracture — Femoral Condyle / Patella / Trochlear Groove
6c43d1cd0108,cartilage-restoration,massachusetts-general-hospital-osteochondral-autograft-allograft,active,2026-07-25,371be683587d,2026-07-25,https://www.massgeneral.org/assets/MGH/pdf/orthopaedics/sports-medicine/physical-therapy/rehabilitation-protocol-for-osteochondral-autograft-allograft-transfer-system-OATS-procedure.pdf,Osteochondral Autograft/Allograft Transfer (OATS)
5cf7c91467ca,cartilage-restoration,massachusetts-general-hospital-osteochondritis-dissecans-ocd-fixation,active,2026-07-25,cad672794a51,2026-07-25,https://www.massgeneral.org/assets/MGH/pdf/orthopaedics/sports-medicine/physical-therapy/Pediatric-OCD-knee-protocol.pdf,Osteochondritis Dissecans (OCD) Fixation — Pediatric
05c43bfe42af,cartilage-restoration,sutter-health-palo-alto-medical-osteochondral-fracture-orif-cartiform,active,2026-07-25,16ee0844333d,2026-07-25,https://www.kevinrothmd.com/pdfs/osteochondral-fracture-protocol-2024.pdf,Osteochondral Fracture ORIF / Cartiform / DeNovo / MACI — Patella and Trochlea
c670484b67e5,cartilage-restoration,ucla-department-of-orthopaedic-surgery-arthroscopy-with-osteochondral,active,2026-07-25,3bcef645d95f,2026-07-25,https://sa1s3.patientpop.com/assets/docs/307020.pdf,Arthroscopy with Osteochondral Allograft (OCA) Implantation
530e6a70c80c,cartilage-restoration,university-of-colorado-anschutz-cu-osteochondral-autograft-transfer,active,2026-07-25,3f6b408f5210,2026-07-25,https://medschool.cuanschutz.edu/docs/librariesprovider65/eric-mccarty/rehab-protocols/emc-oats.pdf?sfvrsn=e8fdc1bb_0,Osteochondral Autograft Transfer (OATS)
0d2d3044c9e4,cartilage-restoration,university-of-virginia-orthopaedic-maci-matrix-induced-autologous,active,2026-07-25,bcbba2654f2e,2026-07-25,https://med.virginia.edu/orthopaedic-surgery/wp-content/uploads/sites/242/2024/12/MACI-PT-protocol.pdf,MACI (Matrix-Induced Autologous Chondrocyte Implantation)
3f103a2071be,cartilage-restoration,university-of-virginia-orthopaedic-osteochondral-allograft-transplant,active,2026-07-25,423de1c04fd9,2026-07-25,https://med.virginia.edu/orthopaedic-surgery/wp-content/uploads/sites/242/2024/12/osteochondral-allograft-protocol-1.pdf,Osteochondral Allograft Transplant
c5dae52b6003,cartilage-restoration,uw-health-sports-medicine-maci-procedure-matrix-induced,active,2026-07-25,d1270e6f0679,2026-07-25,https://bynder.uwhealth.org/m/b003ad7333413ac2/original/Rehab-Guideline-MACI-Procedure-Knee.pdf,MACI Procedure (Matrix-Induced Autologous Chondrocyte Implantation)
c53347ee671f,cartilage-restoration,vericel-corporation-maci-matrix-induced-autologous,active,2026-07-25,3efd6f1ef333,2026-07-25,https://sa1s3.patientpop.com/assets/docs/306941.pdf,MACI (Matrix-Induced Autologous Chondrocyte Implantation) — Official Rehabilitation Manual
933cdbf23f98,cervical-acdf,advanced-orthopedics-and-sports-post-op-cervical-fusion,active,2026-07-25,7224a1c5e2f5,2026-07-25,https://www.houstonspinesurgeon.com/pdf/post-op-cervical-fusion.pdf,Post-Op Cervical Fusion
d576080ed965,cervical-acdf,axis-spine-center-acdf-post-op,active,2026-07-25,d6d7dc1783ff,2026-07-25,https://www.axisspinecenter.com/wp-content/uploads/2022/03/ACDF-PT-Protocol.pdf,ACDF Post-Op
a52e5852b057,cervical-acdf,ohio-state-university-wexner-medical-anterior-cervical-discectomy-and,active,2026-07-25,ba25206ce99a,2026-07-25,https://wexnermedical.osu.edu/-/media/files/wexnermedical/patient-care/healthcare-services/neurological-institute/ohio-state-spine-care/cervical-acdf-branded-april-2022.pdf?rev=e9b6814fad2e409db3df8d601435fd9f&hash=C703AF6D781DFAA778547D8ED326321B,Anterior Cervical Discectomy and Fusion (ACDF)
bebeea37c45d,cervical-acdf,ortho-illinois-rockford-orthopedic-cervical-fusion-anterior-and,active,2026-07-25,126438f83e71,2026-07-25,https://www.orthoillinois.com/wp-content/uploads/2015/04/Cervical-Fusion.pdf,Cervical Fusion (Anterior and Posterior)
d6069660d381,cervical-corpectomy,ohio-state-university-wexner-medical-anterior-cervical-corpectomy,active,2026-07-25,e1eda7bdd2ac,2026-07-25,https://wexnermedical.osu.edu/-/media/files/wexnermedical/patient-care/healthcare-services/neurological-institute/ohio-state-spine-care/cervical-corpectomy-april-2022-branded.pdf?rev=cf0caf91bbad466dbfed187d8a893d01&hash=D0097F70D8A76E266D34377BA173DAF8,Anterior Cervical Corpectomy
c145d1a82d98,cervical-disc-arthroplasty,advanced-health-and-sports-medicine-cervical-disc-replacement-post-op,active,2026-07-25,4dda2c8233c2,2026-07-25,https://www.ahsmp.com/wp-content/uploads/2023/05/CERVICAL-DISC-REPLACEMENT_-POST-OP-REHABILITATION-PROTOCOL-2.pdf,Cervical Disc Replacement Post-Op
0af8ad604cc0,cervical-disc-arthroplasty,axis-spine-center-acda-anterior-cervical-disc-arthroplasty,active,2026-07-25,155ada59f486,2026-07-25,https://axisspinecenter.com/wp-content/uploads/2022/03/ACDA-PT-Protocol.pdf,ACDA (Anterior Cervical Disc Arthroplasty)
f544920791a6,cervical-disc-arthroplasty,ohio-state-university-wexner-medical-cda-total-disc-replacement,active,2026-07-25,f6d31159c493,2026-07-25,https://wexnermedical.osu.edu/-/media/files/wexnermedical/patient-care/healthcare-services/neurological-institute/ohio-state-spine-care/cervical-arthroplasty-april-2022-branded.pdf?la=en&hash=58BAAAF8E30EFD0F5DB347A251744827FB4D4F66,Cervical Disc Arthroplasty (CDA / Total Disc Replacement)
b64d81035666,cervical-laminectomy,advanced-health-and-sports-medicine-post-op,active,2026-07-25,e5a8bcf4f899,2026-07-25,https://www.ahsmp.com/wp-content/uploads/2023/05/CERVICAL-LAMINECTOMY_-POST-OP-REHABILITATION-PROTOCOL-2.pdf,Cervical Laminectomy Post-Op
f175f8c3d83d,cervical-laminectomy,advanced-orthopedics-and-sports-post-op-cervical-laminoplasty,active,2026-07-25,6b8ae3454923,2026-07-25,https://www.houstonspinesurgeon.com/pdf/post-op-cervical-laminectomy-discectomy.pdf,Post-Op Cervical Laminoplasty / Discectomy
12dc5ae6055c,cervical-posterior-fusion,axis-spine-center-cervical-posterior-spinal-instrumented,active,2026-07-25,c4c7846c5fcf,2026-07-25,https://axisspinecenter.com/wp-content/uploads/2022/03/Cervical-PSIF-PT-Protocol.pdf,Cervical Posterior Spinal Instrumented Fusion (PSIF)
00b9b98063e8,cervical-posterior-fusion,ohio-state-university-wexner-medical,active,2026-07-25,641a8b64d78c,2026-07-25,https://wexnermedical.osu.edu/-/media/files/wexnermedical/patient-care/healthcare-services/neurological-institute/ohio-state-spine-care/cervical-posterior-fusion-april-2022-branded.pdf?rev=90ea8d1d13b74c299f7f6055776540af&hash=9E3FFE5AC58F2B03EA1369F55788A54E,Cervical Posterior Fusion
05ebb4740622,cervical-spinal-fusion,lahey-hospital-and-medical-center,active,2026-07-25,e5d63c522b2e,2026-07-25,https://www.lahey.org/-/media/files/lhmc/orthopedics/spine/lhmc-rehab-protocol-post-op-cervical-spinal-fusion.pdf,Cervical Spinal Fusion
e7c5dcc2f084,clavicle-fracture,iortho-clavicle-orif,active,2026-07-25,f427393253ac,2026-07-25,https://iorthomd.com/wp-content/uploads/2024/09/Post-Operative-Rehabilitation-Plan-for-Clavicle-ORIF.pdf,Clavicle ORIF
f8eeba787b72,clavicle-fracture,university-of-virginia-orthopaedic-non-operative,active,2026-07-25,97a9eb786678,2026-07-25,https://med.virginia.edu/orthopaedic-surgery/wp-content/uploads/sites/242/2021/10/Clavicle-NONOP-10.20.21.pdf,Clavicle Fracture — Non-Operative
ca2c792c4360,clavicle-fracture-orif,dr-katherine-j-coyner-md-uconn,active,2026-07-25,6d4597225a3d,2026-07-25,https://www.drcoyner.com/pdf/orif-clavicle-fractures.pdf,Clavicle Fracture ORIF
f4d3db156bd0,clavicle-fracture-orif,dr-michael-c-fu-md-hospital-for-special,active,2026-07-25,ba8ca927105e,2026-07-25,https://static1.squarespace.com/static/5f4aeeb4071f03320cf2138a/t/5fa04f0e3fd9f84098a7c161/1604341518654/Clavicle+ORIF.pdf,Clavicle Fracture ORIF
0a8c9d397a3c,clavicle-fracture-orif,gundersen-health-system-glsm,active,2026-07-25,6efdaeeb1b82,2026-07-25,https://www.gundersenhealth.org/sites/default/files/2022-06/Sports-Medicine-Protocol-Clavicle-Fracture-sp-ORIF.pdf,Clavicle Fracture ORIF
f74c65879d66,clavicle-fracture-orif,mammoth-orthopedic-institute-sierra,active,2026-07-25,7a11a5709662,2026-07-25,https://www.mammothortho.com/pdf/shoulder-clavicle-fx-orif-protocol.pdf,Clavicle Fracture ORIF
4f1b47bbdbc5,clavicle-fracture-orif,massachusetts-general-hospital,active,2026-07-25,f59360005f4d,2026-07-25,https://www.massgeneral.org/assets/MGH/pdf/orthopaedics/sports-medicine/physical-therapy/rehabilitation-protocol-for-clavicle-ORIF.pdf,Clavicle Fracture ORIF
84322de14e81,clavicle-fracture-orif,nyu-langone-health-mid-shaft-clavicle-orif,active,2026-07-25,ec41f4ec3c41,2026-07-25,https://www.orthopedicsurgerybrooklyn.com/wp-content/uploads/2025/08/Mid-Shaft-Clavicle-Open-Reduction-and-Internal-Fixation-Protocol.pdf,Mid-Shaft Clavicle ORIF
34c8f9a680c9,clavicle-fracture-orif,sutter-health-palo-alto-medical,active,2026-07-25,b60b3720a2ee,2026-07-25,https://www.kevinrothmd.com/pdfs/orif-clavicle-fracture-protocol-2024.pdf,Clavicle Fracture ORIF
53e9cec46c1e,clavicle-fracture-orif,university-of-virginia-orthopaedic-clavicle-fracture-orif-post,active,2026-07-25,339a09410dd5,2026-07-25,https://med.virginia.edu/orthopaedic-surgery/wp-content/uploads/sites/242/2021/10/Clavicle-POSTOP-10.20.21.pdf,Clavicle Fracture — ORIF (Post-Operative)
7a653ddd906e,clavicle-fracture-orif,uw-health-sports-medicine-clavicle-open-reduction-internal,active,2026-07-25,b9b7b46a54e9,2026-07-25,https://bynder.uwhealth.org/m/5f7d056c7abea242/original/Clavicle-Open-Reduction-Internal-Fixation.pdf,Clavicle Open Reduction Internal Fixation (ORIF)
e972b0828bc0,cmc-arthroplasty,lahey-hospital-and-medical-center-ligament-reconstruction-tendon,active,2026-07-25,a51b92a9a795,2026-07-25,https://www.lahey.org/-/media/files/lhmc/orthopedics/wrist-hand/lhmc-ligament-reconstruction-tendon-interposition.pdf,Ligament Reconstruction Tendon Interposition (LRTI) — Thumb CMC Arthroplasty
86ffbfd26930,cmc-arthroplasty,orthopaedic-associates-of-maine-apl-suspension,active,2026-07-25,ad854474262a,2026-07-25,https://octanecdn.com/growthortho/growthortho_674995706.pdf,APL Suspension
fb57c05068f2,cmc-arthroplasty,university-of-virginia-orthopaedic-thumb-cmc-arthroplasty,active,2026-07-25,4b2afe8a6f39,2026-07-25,https://med.virginia.edu/orthopaedic-surgery/wp-content/uploads/sites/242/2024/09/Thumb-CMC-suspensionplasty.pdf,Thumb CMC Arthroplasty — Suspensionplasty
fdc08e657d39,cmc-arthroplasty,university-of-virginia-orthopaedic-thumb-cmc-arthroplasty-lrti,active,2026-07-25,6bce238c5ca8,2026-07-25,https://med.virginia.edu/orthopaedic-surgery/wp-content/uploads/sites/242/2024/09/Thumb-CMC-LRTI.pdf,Thumb CMC Arthroplasty — LRTI
c95b4c5b51e8,cmc-arthroplasty,uw-health-orthopedic-surgery-unitypoint-thumb-cmc-arthroplasty,active,2026-07-25,0fc02a4134f0,2026-07-25,https://bynder.uwhealth.org/m/98407957d5838503/original/Rehab-Guideline-CMC-Arthroplasty2020.pdf,Thumb CMC Arthroplasty
a23c9997fb7a,compartment-syndrome-release,uw-health-sports-medicine-chronic-exertional-compartment-syndrome,active,2026-07-25,7b270a6a2dda,2026-07-25,https://bynder.uwhealth.org/m/9e93f2ab2f20fb9f/original/Rehab-Guideline-CECS.pdf,Chronic Exertional Compartment Syndrome (CECS) Release (Open Fasciotomy)
fef76c9a15ba,complex-meniscal-repair,sanford-health,active,2026-07-25,82f6c9bc1da9,2026-07-25,https://www.sanfordhealth.org/-/media/org/files/medical-professionals/resources-and-education/complex-meniscal-repair-guideline-2.pdf,Complex Meniscal Repair
2311a5b6a1cc,concussion-return-to-sport,massachusetts-general-hospital,active,2026-07-25,f7979744ae36,2026-07-25,https://www.massgeneral.org/assets/MGH/pdf/orthopaedics/sports-medicine/physical-therapy/return-to-sport-concussion-protocol.pdf,Concussion Return-to-Sport
9f41b7e25fc1,core-decompression,oc-hip-center-uci-health-hip-core-decompression-arthroscopic,active,2026-07-25,3e7a5997b539,2026-07-25,https://www.ochipcenter.com/pdf/hip-arthroscopic-assisted-core-decompression-protocol.pdf,Hip Core Decompression (Arthroscopic-Assisted)
fb74466fde67,core-muscle-repair,iortho,active,2026-07-25,f2f260062479,2026-07-25,https://iorthomd.com/wp-content/uploads/2024/09/Rehabilitation-Protocol-for-Core-Muscle-Repair.pdf,Core Muscle Repair
55dcbd41f469,core-muscle-repair,massachusetts-general-hospital-sports-hernia,active,2026-07-25,f9534726bb33,2026-07-25,https://www.massgeneral.org/assets/MGH/pdf/orthopaedics/sports-medicine/physical-therapy/rehabilitation-protocol-for-core-muscle-repair-protocol.pdf,Core Muscle Repair (Sports Hernia)
5e818972ec15,core-muscle-repair,nyu-langone-health-sports-hernia-core-muscle-injury-repair,active,2026-07-25,25131937220c,2026-07-25,https://www.orthopedicsurgerybrooklyn.com/wp-content/uploads/2025/05/Sports-Hernia-Rehabilitation-Protocol.pdf,Sports Hernia / Core Muscle Injury Repair (Post-Operative)
1ad23e701b96,cubital-tunnel-release,orthopedic-and-sports-medicine-ulnar-nerve-transposition,active,2026-08-02,7c4899b15ed9,2026-08-02,https://osmsgb.s3.amazonaws.com/wp-content/uploads/2022/06/06110705/OSMSPT.UlnarTransposition.pdf,Ulnar Nerve Transposition
cac4b60d0d7d,cubital-tunnel-release,university-of-virginia-orthopaedic-anterior-subcutaneous-transposition,active,2026-07-25,709087c2699b,2026-07-25,https://med.virginia.edu/orthopaedic-surgery/wp-content/uploads/sites/242/2024/09/Cubital-tunnel-release-anterior-subcutaneous-transposition.pdf,Cubital Tunnel Release — Anterior Subcutaneous Transposition
b6269ae3526d,cubital-tunnel-release,university-of-virginia-orthopaedic-in-situ,active,2026-07-25,27b41ca0acf8,2026-07-25,https://med.virginia.edu/orthopaedic-surgery/wp-content/uploads/sites/242/2024/09/Cubital-tunnel-release-in-situ.pdf,Cubital Tunnel Release — In Situ
d56e580a14d3,darrach-procedure,university-of-virginia-orthopaedic-wrist-darrach-procedure-distal-ulna,active,2026-07-25,d5c9c41178e4,2026-07-25,https://med.virginia.edu/orthopaedic-surgery/wp-content/uploads/sites/242/2024/09/Wrist-Darrach-procedure.pdf,Wrist Darrach Procedure (Distal Ulna Resection)
922929749a85,darrach-procedure,uw-health-distal-ulna-resection,active,2026-07-25,d913c0e34596,2026-07-25,https://bynder.uwhealth.org/m/9cfca0da5cbd7818/original/Rehab-Guideline-Ulnar-Shortening-Darrach.pdf,Darrach Procedure (Distal Ulna Resection)
91dc353163b3,de-quervains-release,university-of-virginia-orthopaedic,active,2026-07-25,617de5aca148,2026-07-25,https://med.virginia.edu/orthopaedic-surgery/wp-content/uploads/sites/242/2024/09/deQuarvain_s-release.pdf,de Quervain's Release
bd11dfbf4b3a,distal-bicep-tendon-repair,mountain-orthopaedics-single-incision-endo-button,active,2026-07-25,b6acacfa3a72,2026-07-25,https://s43932.pcdn.co/wp-content/uploads/sites/206/2025/02/DISTAL-BICEP-TENDON-REPAIR-SINGLE-TECHNIQUE.pdf,Distal Bicep Tendon Repair — Single Incision Endo Button
bd7d2c0758c6,distal-bicep-tendon-repair,uw-health-sports-medicine,active,2026-07-25,15779f7c7ecb,2026-07-25,https://bynder.uwhealth.org/m/dcd05f051d3b12a5/original/Rehab-Guideline-Distal-Bicep-Tendon-Repair.pdf,Distal Bicep Tendon Repair
0b3c190738ea,distal-biceps-repair,iortho,active,2026-07-25,f26d14731add,2026-07-25,https://iorthomd.com/wp-content/uploads/2024/09/Rehabilitation-Protocol-for-Distal-Biceps-Tendon-Repair.pdf,Distal Biceps Tendon Repair
fff401e384c1,distal-biceps-repair,mammoth-orthopedic-institute-gilmer,active,2026-07-25,6131b470a072,2026-07-25,https://www.mammothortho.com/pdf/elbow-distal-biceps-tendon-repair-gilmer-new.pdf,Distal Biceps Tendon Repair
8c34e28d018e,distal-biceps-repair,mammoth-orthopedic-institute-sierra,active,2026-07-25,95e5d0a9d700,2026-07-25,https://www.mammothortho.com/pdf/elbow-distal-biceps-tendon-repair.pdf,Distal Biceps Tendon Repair
c9a9af14a212,distal-biceps-repair,massachusetts-general-hospital-distal-biceps-tendon-repair,active,2026-07-25,e5254836e6f5,2026-07-25,https://www.massgeneral.org/assets/MGH/pdf/orthopaedics/sports-medicine/physical-therapy/rehabilitation-protocol-for-distal-biceps-repair.pdf,Distal Biceps Tendon Repair
a877a6412a12,distal-biceps-repair,orthopaedic-associates-of-maine,active,2026-07-25,ab590f4e35a4,2026-07-25,https://octanecdn.com/growthortho/growthortho_684162499.pdf,Distal Biceps Repair
c88322e34bf9,distal-biceps-repair,orthopedic-and-sports-medicine,active,2026-08-02,a59bc26d785d,2026-08-02,https://osmsgb.s3.amazonaws.com/wp-content/uploads/2021/09/06110224/OSMSPT.DistalBiceps.pdf,Distal Biceps Repair
1aee6209d0d8,distal-biceps-repair,saint-louis-university-slucare,active,2026-07-25,91d50be434d2,2026-07-25,https://www.slu.edu/medicine/orthopaedic-surgery/sports-medicine/-pdf/distal-biceps-repair.pdf,Distal Biceps Repair
f195c8a97f6d,distal-biceps-repair,sanford-health-distal-biceps-tendon-repair,active,2026-07-25,d1836b2030e0,2026-07-25,https://www.sanfordhealth.org/-/media/org/files/medical-professionals/resources-and-education/distal-biceps-repair.pdf,Distal Biceps Tendon Repair
9c4b50f03e3b,distal-biceps-repair,sutter-health-palo-alto-medical-distal-biceps-tendon-repair,active,2026-07-25,36532da287cf,2026-07-25,https://www.kevinrothmd.com/pdfs/distal-biceps-repair-protocol-2024.pdf,Distal Biceps Tendon Repair
7c9c8b9ea6aa,distal-biceps-repair,university-of-virginia-orthopaedic,active,2026-07-25,1ca26676b023,2026-07-25,https://med.virginia.edu/orthopaedic-surgery/wp-content/uploads/sites/242/2024/09/Distal-Biceps-repair.pdf,Distal Biceps Repair
8955f3329220,distal-biceps-repair,uw-health-orthopedic-surgery-unitypoint-bledsoe-brace-protocol,active,2026-07-25,ec81e59aa90a,2026-07-25,https://bynder.uwhealth.org/m/ce560f90461bbf85/original/Rehab-Guideline-Distal-Biceps-Tendon-Repair-Bledsoe.pdf,Distal Biceps Repair — Bledsoe Brace Protocol
bc76af2fea40,distal-biceps-repair,uw-health-orthopedic-surgery-unitypoint-early-mobilization,active,2026-07-25,9353dd68beec,2026-07-25,https://bynder.uwhealth.org/m/48ffeb990b2d0683/original/Rehab-Guideline-Distal-Biceps-Repair-Early-Mobilization.pdf,Distal Biceps Repair — Early Mobilization
13818d7a5167,distal-radius-fracture,orthopaedic-associates-of-maine,active,2026-07-25,dc74e3acebf9,2026-07-25,https://octanecdn.com/growthortho/growthortho_590384471.pdf,Distal Radius Fracture
ff320c2d55d9,distal-radius-fracture-orif,mammoth-orthopedic-institute-sierra-accelerated,active,2026-07-25,0bb626a9011e,2026-07-25,https://www.mammothortho.com/pdf/wrist-distal-radial-fx-orif-accelerated-gilmer.pdf,Distal Radius Fracture ORIF — Accelerated
f5714fef4f80,distal-radius-fracture-orif,mammoth-orthopedic-institute-sierra-conservative,active,2026-07-25,e6531e5ac910,2026-07-25,https://www.mammothortho.com/pdf/wrist-distal-radial-fx-orif-conservative-gilmer.pdf,Distal Radius Fracture ORIF — Conservative
1014e671123d,distal-radius-fracture-orif,university-of-virginia-orthopaedic,active,2026-07-25,e3e4ba2a4de8,2026-07-25,https://med.virginia.edu/orthopaedic-surgery/wp-content/uploads/sites/242/2024/09/Distal-radius-ORIF.pdf,Distal Radius Fracture ORIF
170a134d07bf,dupuytrens-fasciectomy,lahey-hospital-and-medical-center-dupuytrens-subcutaneous-fasciotomy,active,2026-07-25,0950b38c94c2,2026-07-25,https://www.lahey.org/-/media/files/lhmc/orthopedics/wrist-hand/lhmc-dupuytrens-subcutaneous-fasciotomy.pdf,Dupuytren's Subcutaneous Fasciotomy
f4ad6a999fe6,dupuytrens-fasciectomy,university-of-virginia-orthopaedic-dupuytrens-subtotal-palmar,active,2026-07-25,65fb78438e38,2026-07-25,https://med.virginia.edu/orthopaedic-surgery/wp-content/uploads/sites/242/2024/09/Dupuytren_s-Subtotal-Palmar-Fasciectomy.pdf,Dupuytren's Subtotal Palmar Fasciectomy
d8c4b56c5d82,ehl-tendon-repair,orthopaedic-associates-of-maine,active,2026-07-25,e9c31dd3037c,2026-07-25,https://octanecdn.com/growthortho/growthortho_752418649.pdf,EHL Tendon Repair
164c580f4c4a,elbow-arthroscopy,saint-louis-university-slucare-capsular-release,active,2026-07-25,b08b4627159c,2026-07-25,https://www.slu.edu/medicine/orthopaedic-surgery/sports-medicine/-pdf/elbow-arthroscopy-and-capsular-release.pdf,Capsular Release
5409704ad686,elbow-arthroscopy,saint-louis-university-slucare-debridement,active,2026-07-25,5586bcf85385,2026-07-25,https://www.slu.edu/medicine/orthopaedic-surgery/sports-medicine/-pdf/elbow-arthroscopy-and-debridement.pdf,Debridement
7d0e12797e01,elbow-arthroscopy,uw-health-sports-medicine-loose-body-removal-and-arthroscopic,active,2026-07-25,101effd63e02,2026-07-25,https://bynder.uwhealth.org/m/61ed09723f22c084/original/Rehab-Guideline-Loose-Body-Removal-and-Arthroscopic-Debridements-of-the-Elbow.pdf,Loose Body Removal and Arthroscopic Debridement of the Elbow
c48c843b5ba7,epicondylalgia,iortho-non-operative-management,active,2026-07-25,a69b6baee49b,2026-07-25,https://iorthomd.com/wp-content/uploads/2024/09/Rehabilitation-Protocol-for-Medial-Lateral-Epicondylalgia.pdf,Non-Operative Management
c1c75c68090b,epl-repair,orthopaedic-associates-of-maine,active,2026-07-25,610bae82b69a,2026-07-25,https://octanecdn.com/growthortho/growthortho_110878811.pdf,EPL Repair
2b3d08fdd306,extensor-tendon-repair,orthopaedic-associates-of-maine-zones-iii-iv,active,2026-07-25,4545897a9166,2026-07-25,https://octanecdn.com/growthortho/growthortho_536666698.pdf,Zones III-IV
15c176f9ff97,extensor-tendon-repair,orthopaedic-associates-of-maine-zones-v-vii,active,2026-07-25,5c5b4210073c,2026-07-25,https://octanecdn.com/growthortho/growthortho_145708695.pdf,Zones V-VII
f3e6e851afc3,extensor-tendon-repair,university-of-virginia-orthopaedic-zone-iii-delayed-mobilization,active,2026-07-25,dfa32bad018f,2026-07-25,https://med.virginia.edu/orthopaedic-surgery/wp-content/uploads/sites/242/2024/09/Extensor-Tendon-Repair-Zone-III-Delayed-Mobilization.pdf,Extensor Tendon Repair — Zone III Delayed Mobilization
529fe9539b57,extensor-tendon-repair,university-of-virginia-orthopaedic-zone-iii-early-short-arc-motion,active,2026-07-25,47cdba6c8a21,2026-07-25,https://med.virginia.edu/orthopaedic-surgery/wp-content/uploads/sites/242/2024/09/Extensor-Tendon-Repair-Zone-III-Early-Short-Arc-Motion.pdf,Extensor Tendon Repair — Zone III Early Short Arc Motion
f0692f8a9f98,extensor-tendon-repair,university-of-virginia-orthopaedic-zone-iv-delayed-mobilization,active,2026-07-25,51b109eb64fb,2026-07-25,https://med.virginia.edu/orthopaedic-surgery/wp-content/uploads/sites/242/2024/09/Extensor-Tendon-Repair-Zone-IV-Delayed-Mobilization.pdf,Extensor Tendon Repair — Zone IV Delayed Mobilization
6a74ef45a9d5,extensor-tendon-repair,university-of-virginia-orthopaedic-zones-v-vi-delayed-mobilization,active,2026-07-25,ea6d8ce91558,2026-07-25,https://med.virginia.edu/orthopaedic-surgery/wp-content/uploads/sites/242/2024/09/Extensor-Tendon-Repair-Zones-V-VI-Delayed-Mobilization.pdf,Extensor Tendon Repair — Zones V-VI Delayed Mobilization
310496a430a8,extensor-tendon-repair,university-of-virginia-orthopaedic-zones-v-vi-relative-motion-early,active,2026-07-25,09d771a40cc2,2026-07-25,https://med.virginia.edu/orthopaedic-surgery/wp-content/uploads/sites/242/2024/09/Extensor-Tendon-Repair-Zones-V-VI-Relative-Motion_Early-Motion.pdf,Extensor Tendon Repair — Zones V-VI Relative Motion / Early Motion
7d7682637650,extensor-tendon-repair,uw-health-orthopedic-surgery-unitypoint-zone-iii-central-slip,active,2026-07-25,b7e07ed8145a,2026-07-25,https://bynder.uwhealth.org/m/48570a532263fdcf/original/Rehab-Guideline-Zone-III-Central-Slip-Repair.pdf,Extensor Tendon Repair — Zone III Central Slip Conservative
7300e1d77251,extensor-tendon-repair,uw-health-orthopedic-surgery-unitypoint-zone-iii-central-slip-short,active,2026-07-25,4bbb3796f8b0,2026-07-25,https://bynder.uwhealth.org/m/48570a532263fdcf/original/Rehab-Guideline-Zone-III-Central-Slip-Repair.pdf,Extensor Tendon Repair — Zone III Central Slip Short Arc Motion (SAM)
0db46c55cb7d,extensor-tendon-repair,uw-health-thumb-epl-apl-epb-zones-ii-v-early,active,2026-07-25,e5df3364748c,2026-07-25,https://bynder.uwhealth.org/m/4f4299f990196b8f/original/Rehab-Guideline-Zone-II-V-thumb-Early-Active-Protocol.pdf,Extensor Tendon Repair — Thumb (EPL/APL/EPB) Zones II–V Early Active
ad3ff5020eb6,extensor-tendon-repair,uw-health-zones-iv-vi-icam-relative-motion,active,2026-07-25,fddff006e73d,2026-07-25,https://bynder.uwhealth.org/m/14fca90ac41c9d10/original/Rehab-Guideline-Zones-IV-VI-Standard-and-Early-Active-ICAM.pdf,Extensor Tendon Repair — Zones IV–VI ICAM (Relative Motion Extension)
0a44fad0c04e,extensor-tendon-repair,uw-health-zones-iv-vi-non-icam-standard-delayed,active,2026-07-25,3352987c6d5e,2026-07-25,https://bynder.uwhealth.org/m/14fca90ac41c9d10/original/Rehab-Guideline-Zones-IV-VI-Standard-and-Early-Active-ICAM.pdf,Extensor Tendon Repair — Zones IV–VI Non-ICAM Standard Delayed Mobilization
5572f9176ee1,extensor-tendon-repair,uw-health-zones-vii-viii,active,2026-07-25,1e4377ef1d12,2026-07-25,https://bynder.uwhealth.org/m/35bef2a45d8843b1/original/Rehab-Guideline-Zone-VII-VIII.pdf,Extensor Tendon Repair — Zones VII–VIII
893daef7fe71,femoral-osteotomy,childrens-colorado-center-for-gait-and-proximal-femoral-rotational,active,2026-07-25,6c8b3b991998,2026-07-25,https://www.childrenscolorado.org/globalassets/departments/orthopedics/pt-protocols.pdf#page=13,Proximal Femoral Rotational Osteotomy
aa04078d141d,femoral-osteotomy,childrens-colorado-center-for-gait-and-proximal-femoral-varus,active,2026-07-25,a9233e296a9b,2026-07-25,https://www.childrenscolorado.org/globalassets/departments/orthopedics/pt-protocols.pdf#page=12,Proximal Femoral Varus Derotational Osteotomy (VDRO)
9d29436dbf5e,flatfoot-reconstruction,lahey-hospital-and-medical-center-tendon-transfer-calcaneal-osteotomy,active,2026-07-25,068147437822,2026-07-25,https://www.lahey.org/-/media/files/lhmc/orthopedics/foot/lhmc-flatfoot-protocol.pdf,Flatfoot Reconstruction (Tendon Transfer / Calcaneal Osteotomy / Fusion)
010c51b86998,flexor-tendon-repair,lahey-hospital-and-medical-center-zone-1-and-2-primary-repair-modified,active,2026-07-25,31ab7ad1d9ec,2026-07-25,https://www.lahey.org/-/media/files/lhmc/orthopedics/wrist-hand/lhmc-primary-flexor-tendon-repair-protocol-for-zone.pdf,Flexor Tendon Repair Zone 1 & 2 (Primary Repair / Modified Duran Protocol)
63b1256d992e,flexor-tendon-repair,lahey-hospital-and-medical-center-zone-2-early-active-motion-protocol,active,2026-07-25,4d067d1fa50f,2026-07-25,https://www.lahey.org/-/media/files/lhmc/orthopedics/wrist-hand/lhmc-early-arom-flexor-tendon-protocol.pdf,Flexor Tendon Repair Zone 2 (Early Active Motion Protocol)
81331455c157,flexor-tendon-repair,orthopaedic-associates-of-maine-zones-i-iii,active,2026-07-25,b890fdb8b9dc,2026-07-25,https://octanecdn.com/growthortho/growthortho_911629718.pdf,Zones I-III
9eb904446729,flexor-tendon-repair,university-of-virginia-orthopaedic-flexor-pollicis-longus-fpl-repair,active,2026-07-25,e3f3a954c2b0,2026-07-25,https://med.virginia.edu/orthopaedic-surgery/wp-content/uploads/sites/242/2024/09/Flexor-Pollicis-Longus-FPL-Repair-Early-Active-Place-and-Hold-Motion.pdf,Flexor Pollicis Longus (FPL) Repair — Early Active Place and Hold
5164d6838ac7,flexor-tendon-repair,university-of-virginia-orthopaedic-zones-i-iv-delayed-mobilization,active,2026-07-25,7b24889a6ea1,2026-07-25,https://med.virginia.edu/orthopaedic-surgery/wp-content/uploads/sites/242/2024/09/Flexor-Tendon-Repairs-Zones-I-IV-Delayed-Mobilization.pdf,Flexor Tendon Repair — Zones I-IV Delayed Mobilization
f6da75a920dd,flexor-tendon-repair,university-of-virginia-orthopaedic-zones-i-iv-early-active-place-and,active,2026-07-25,a1856568ab60,2026-07-25,https://med.virginia.edu/orthopaedic-surgery/wp-content/uploads/sites/242/2024/09/Flexor-Tendon-Repairs-Zones-I-IV-Early-Active-Place-and-Hold-Motion.pdf,Flexor Tendon Repair — Zones I-IV Early Active Place and Hold
063d55b9b397,flexor-tendon-repair,university-of-virginia-orthopaedic-zones-i-iv-early-true-active,active,2026-07-25,8f4005eb98df,2026-07-25,https://med.virginia.edu/orthopaedic-surgery/wp-content/uploads/sites/242/2024/09/Flexor-Tendon-Repairs-Zones-I-IV-Early-True-Active-Flexion-St.-John.pdf,Flexor Tendon Repair — Zones I-IV Early True Active Flexion (St. John)
0c95eb164759,flexor-tendon-repair,uw-health-flexor-pollicis-longus-fpl-repair,active,2026-07-25,9ff0eba60b18,2026-07-25,https://bynder.uwhealth.org/m/418391ac95767c9/original/Flexor-Pollicis-Longus-Repair.pdf,Flexor Pollicis Longus (FPL) Repair — Modified Duran
039f8ecbdea8,flexor-tendon-repair,uw-health-flexor-pollicis-longus-fpl-repair-early,active,2026-07-25,cacef3661d07,2026-07-25,https://bynder.uwhealth.org/m/418391ac95767c9/original/Flexor-Pollicis-Longus-Repair.pdf,Flexor Pollicis Longus (FPL) Repair — Early Active Motion
f4cedfb8c7ab,flexor-tendon-repair,uw-health-flexor-tendon-staged-repair-two-stage,active,2026-07-25,e63ee9c5dc06,2026-07-25,https://bynder.uwhealth.org/m/60887d71424a9b3a/original/Rehab-Guideline-Flexor-Tendon-Staged-Repair.pdf,Flexor Tendon Staged Repair (Two-Stage — Zones I–II)
249546333c5e,flexor-tendon-repair,uw-health-zones-i-iii-early-active-motion-eam,active,2026-07-25,ac287b91086d,2026-07-25,https://bynder.uwhealth.org/m/2d3b72e57462b192/original/Rehab-Guideline-Flexor-Tendon-EAM-Zones-1-3.pdf,Flexor Tendon Repair — Zones I–III Early Active Motion (EAM)
cc24108a583f,flexor-tendon-repair,uw-health-zones-i-iii-modified-duran-passive,active,2026-07-25,ae3390e96c1a,2026-07-25,https://bynder.uwhealth.org/m/4f564f6b4c5ddfa5/original/Rehab-Guideline-Flexor-Tendon-Duran-Zones-1-3.pdf,Flexor Tendon Repair — Zones I–III Modified Duran (Passive)
09e02aa74994,flexor-tendon-repair,uw-health-zones-iv-v-conservative,active,2026-07-25,669f2dae5175,2026-07-25,https://bynder.uwhealth.org/m/22e294b2353e40b3/original/Rehab-Guideline-Zone-IV-V-Flexor-Tendon-Repair.pdf,Flexor Tendon Repair — Zones IV–V Conservative
da1f70391d18,flexor-tendon-repair,uw-health-zones-iv-v-early-active,active,2026-07-25,8ae8d38e9dce,2026-07-25,https://bynder.uwhealth.org/m/22e294b2353e40b3/original/Rehab-Guideline-Zone-IV-V-Flexor-Tendon-Repair.pdf,Flexor Tendon Repair — Zones IV–V Early Active
0b7b766d4c19,foot-arthrodesis,childrens-colorado-center-for-gait-and-triple-arthrodesis,active,2026-07-25,126806976537,2026-07-25,https://www.childrenscolorado.org/globalassets/departments/orthopedics/pt-protocols.pdf#page=22,Triple Arthrodesis
53b8ffc16379,fracture,dr-jorge-chahla-md-rush-university-hip-fracture-orif,active,2026-07-25,0693e8adaafa,2026-07-25,https://www.jorgechahlamd.com/wp-content/uploads/2025/04/Hip-ORIF-Post-Op-PT-Protocol.pdf,Hip Fracture - ORIF
b38312d6840c,fracture,jacob-b-stirton-md-union-general-hip-fracture-fixation,active,2026-07-25,676bd51f1dcd,2026-07-25,https://jacobstirtonmd.com/wp-content/uploads/2019/09/hip-ORIF.pdf,Hip Fracture Fixation
d7d33892880c,fracture,kaplin-sports-medicine-hip-fracture-multiple-fixation-types,active,2026-07-25,f2fdc42ef401,2026-07-25,https://www.kaplinsportsmed.com/pdfs/hip-fracture-rehab-new.pdf,"Hip Fracture - Multiple Fixation Types (Screws, Plate/Screws, IMN, Hemiarthroplasty)"
d7d6a3da23d7,fracture,orthopedic-one-hip-fracture-fixation-orif-imn,active,2026-07-25,644c357a5f16,2026-07-25,https://www.orthopedicone.com/wp-content/uploads/2024/10/Rehab-protocol-Hip-Fracture-Fixation.pdf,Hip Fracture Fixation (ORIF/IMN)
c9bd770e4262,fracture,uw-health-sports-medicine-tibial-spine-avulsion-fracture-surgical,active,2026-07-25,74df70ee21cc,2026-07-25,https://bynder.uwhealth.org/m/53444aea5fc82149/original/Tibial-Spine-Avulsion-Fracture.pdf,Tibial Spine Avulsion Fracture Surgical Fixation
81a8e90a3419,glenohumeral-osteoarthritis,dr-michael-c-fu-md-hospital-for-special-glenohumeral-osteoarthritis,active,2026-07-25,65468535adec,2026-07-25,https://static1.squarespace.com/static/5f4aeeb4071f03320cf2138a/t/66b39e112e561a7913926a8b/1723047441120/Shoulder+Arthritis.pdf,Glenohumeral Osteoarthritis (Non-Operative)
02eec1b73eaa,gluteus-medius-repair,orthopedic-and-sports-medicine-arthroscopic-gluteus-medius-repair,active,2026-08-02,38519f406b0f,2026-08-02,https://osmsgb.s3.amazonaws.com/wp-content/uploads/2022/06/06111709/Hip-Scope-Gluteus-Medius-Repair-PT.pdf,Arthroscopic Gluteus Medius Repair
39439d0ad6c1,gluteus-medius-repair,orthopedic-and-sports-medicine-open-gluteus-medius-repair,active,2026-08-02,8b3000029f18,2026-08-02,https://osmsgb.s3.amazonaws.com/wp-content/uploads/2022/06/06115212/OSMSPT.OpenGlutMediusRepair.pdf,Open Gluteus Medius Repair
8c6c97ecd0aa,gluteus-medius-repair,saint-louis-university-slucare-arthroscopic,active,2026-07-25,5a5238591471,2026-07-25,https://www.slu.edu/medicine/orthopaedic-surgery/sports-medicine/-pdf/gluteus-medius-repair.pdf,Arthroscopic
3b5712536849,gluteus-medius-repair,sutter-health-palo-alto-medical-arthroscopic-gluteus-medius-repair,active,2026-07-25,69200de85afd,2026-07-25,https://www.kevinrothmd.com/pdfs/gluteus-medius-repair-protocol-2024.pdf,Arthroscopic Gluteus Medius Repair (with or without Labral Debridement)
8238f726e2ae,gluteus-medius-repair,university-of-virginia-orthopaedic-hip-gluteal-tendon-repair,active,2026-07-25,b3be302dfc3e,2026-07-25,https://med.virginia.edu/orthopaedic-surgery/wp-content/uploads/sites/242/2024/12/Hip-gluteal-tendon-repair.pdf,Hip Gluteal Tendon Repair
6e742ca6049b,gluteus-medius-repair,uw-health-sports-medicine-open-hip-abductor-gluteus-medius-repair,active,2026-07-25,52a7c369f95a,2026-07-25,https://bynder.uwhealth.org/m/7f88853cee7bfe48/original/Rehab-Guideline-Open-Hip-Abductor-Repair.pdf,Open Hip Abductor (Gluteus Medius) Repair
693e6d6e3f1f,grade-1-mcl-sprain,university-of-delaware-physical-therapy-grade-1-mcl-sprain-non,active,2026-07-25,e2a7712f51ec,2026-07-25,https://bpb-us-w2.wpmucdn.com/sites.udel.edu/dist/c/3448/files/2016/01/Grade-1-MCL-Sprain.pdf,Grade 1 MCL Sprain (Non-Operative)
39de241477a0,grade-2-mcl-sprain,university-of-delaware-physical-therapy-grade-2-mcl-sprain-non,active,2026-07-25,6d6edab97931,2026-07-25,https://bpb-us-w2.wpmucdn.com/sites.udel.edu/dist/c/3448/files/2016/01/Grade-2-MCL-Sprain.pdf,Grade 2 MCL Sprain (Non-Operative)
82b18965e94a,grade-3-mcl-sprain,university-of-delaware-physical-therapy-grade-3-mcl-sprain-non,active,2026-07-25,1c42e14ad45f,2026-07-25,https://bpb-us-w2.wpmucdn.com/sites.udel.edu/dist/c/3448/files/2016/01/Grade-3-MCL-Sprain.pdf,Grade 3 MCL Sprain (Non-Operative)
f031538972dc,hamstring-injury,iortho-non-operative-management,active,2026-07-25,e6f7099b099c,2026-07-25,https://iorthomd.com/wp-content/uploads/2024/09/Rehabilitation-Protocol-for-Non-Operative-Hamstring-Injury.pdf,Non-Operative Management
0e3d4a163305,hamstring-injury,massachusetts-general-hospital-hamstring-injury-non-operative,active,2026-07-25,1d0a4e6551af,2026-07-25,https://www.massgeneral.org/assets/MGH/pdf/orthopaedics/sports-medicine/physical-therapy/rehabilitation-protocol-for-hamstring-injury-non-operative.pdf,Hamstring Injury — Non-Operative
5e02e452cd07,hamstring-strain,sam-health-hamstring-strain-non-operative,active,2026-07-25,bae7abf39d72,2026-07-25,https://samhealth.org/wp-content/uploads/2023/09/Rehabilitation-Guidelines-for-Hamstring-Strain-338.pdf,Hamstring Strain (Non-Operative)
337cd15bfecd,hamstring-strain,university-of-delaware-physical-therapy-hamstring-strain-non-operative,active,2026-07-25,bc5b281601f1,2026-07-25,https://bpb-us-w2.wpmucdn.com/sites.udel.edu/dist/c/3448/files/2023/11/Hamstring-Protocol-Oct-2023.pdf,Hamstring Strain (Non-Operative)
b7defcd178b6,hardware-removal,childrens-colorado-center-for-gait-and-proximal-femoral-plate-removal,active,2026-07-25,66f25c3ee52b,2026-07-25,https://www.childrenscolorado.org/globalassets/departments/orthopedics/pt-protocols.pdf#page=14,Proximal Femoral Plate Removal
391c20683307,high-ankle-sprain-syndesmotic-sprain,sanford-health,active,2026-07-25,87b45b6acba8,2026-07-25,https://www.sanfordhealth.org/-/media/org/files/medical-professionals/resources-and-education/high-ankle-sprain-rehabilitation-guideline.pdf,High Ankle Sprain / Syndesmotic Sprain (Non-Operative)
e174dea11d15,high-tibial-osteotomy-hto,iortho,active,2026-07-25,49c15f951ebd,2026-07-25,https://iorthomd.com/wp-content/uploads/2024/06/Rehabilitation-Protocol-for-High-Tibial-Osteotomy-Reconstruction.pdf,High Tibial Osteotomy (HTO)
b7d3604ad263,high-tibial-osteotomy-hto,mammoth-orthopedic-institute-sierra,active,2026-07-25,1132eef0aa35,2026-07-25,https://www.mammothortho.com/pdf/high-tibial-osteotomy-gilmer.pdf,High Tibial Osteotomy (HTO)
c8b6be3d0ba0,high-tibial-osteotomy-hto,nyu-langone-health,active,2026-07-25,ae1faef15685,2026-07-25,https://www.orthopedicsurgerybrooklyn.com/wp-content/uploads/2024/07/High-Tibial-Osteotomy-Rehabilitation-Protocol-1.pdf,High Tibial Osteotomy (HTO)
bbc183e82530,high-tibial-osteotomy-hto,saint-louis-university-slucare-hto-or-distal-femoral-osteotomy-dfo,active,2026-07-25,42a77b6ff14b,2026-07-25,https://www.slu.edu/medicine/orthopaedic-surgery/sports-medicine/-pdf/high-tibial-osteotomy-or-distal-femoral-osteotomy.pdf,HTO or Distal Femoral Osteotomy (DFO)
2b597f660367,high-tibial-osteotomy-hto,university-of-new-mexico-unm-sports-knee-osteotomy-closing-or-opening,active,2026-07-25,5e65c8d80d6a,2026-07-25,https://hsc.unm.edu/medicine/departments/ortho-rehab/orthopaedics/fellowships/sports/_id_docs/2025_sports_protocols/knee-osteotomy.pdf,Knee Osteotomy (Closing or Opening Wedge)
775d8191598c,hip-abductor-repair,oc-hip-center-uci-health-arthroscopic-open-gluteus-medius-minimus,active,2026-07-25,81856449ed3b,2026-07-25,https://www.ochipcenter.com/pdf/hip-abductor-repair-protocol.pdf,Hip Abductor Repair (Arthroscopic/Open Gluteus Medius/Minimus)
f22bb16943bf,hip-abductor-repair,university-of-new-mexico-unm-sports,active,2026-07-25,c172f86358eb,2026-07-25,https://hsc.unm.edu/medicine/departments/ortho-rehab/orthopaedics/fellowships/sports/_id_docs/2025_sports_protocols/hip-abductor-repair.pdf,Hip Abductor Repair
e816d0718fcd,hip-arthroscopy,iortho-femoroacetabular-impingement-fai,active,2026-07-25,8dcfa8b366e9,2026-07-25,https://iorthomd.com/wp-content/uploads/2024/09/Rehabilitation-Protocol-for-Hip-Arthroscopy-for-Femoroacetabular-Impingement.pdf,Femoroacetabular Impingement (FAI)
4e224e71f3d5,hip-arthroscopy,lahey-hospital-and-medical-center-for-fai-labral-repair,active,2026-07-25,6d52703417f0,2026-07-25,https://www.lahey.org/-/media/files/lhmc/orthopedics/hip/lhmc-hip-arthroscopy-protocol-bts.pdf,Hip Arthroscopy for FAI (Labral Repair / Osteochondroplasty)
802c17e9134d,hip-arthroscopy,university-of-new-mexico-unm-sports,active,2026-07-25,baf496d323e5,2026-07-25,https://hsc.unm.edu/medicine/departments/ortho-rehab/orthopaedics/fellowships/sports/_id_docs/2025_sports_protocols/hip-arthroscopy.pdf,Hip Arthroscopy
b76efaedc13c,hip-arthroscopy,university-of-virginia-orthopaedic,active,2026-07-25,590ecfa8c59f,2026-07-25,https://med.virginia.edu/orthopaedic-surgery/wp-content/uploads/sites/242/2024/12/Hip-Arthroscopy-1.pdf,Hip Arthroscopy
39e54d9ed8f3,hip-arthroscopy-labral-repair,brigham-and-womens-hospital-hip-arthroscopy-for-fai-with-labral,active,2026-07-25,ed4fe18b351f,2026-07-25,https://www.brighamandwomens.org/assets/BWH/patients-and-families/rehabilitation-services/pdfs/hip-fai-post-op-rehab-protocol.pdf,Hip Arthroscopy for FAI with Labral Repair
dc394e0d0dda,hip-arthroscopy-labral-repair,dr-bradley-smith-md-intermountain-health-hip-arthroscopy-with-labral,active,2026-07-25,adb5e270fc34,2026-07-25,https://www.bradleysmithmd.com/pdf/rehab-hip-arthroscopy-labral-repair.pdf,Hip Arthroscopy with Labral Repair/Reconstruction
1d6548227c4a,hip-arthroscopy-labral-repair,hughston-clinic-florida-hip-arthroscopy-with-labral-repair,active,2026-07-25,ee03d5767e23,2026-07-25,https://fl.hughston.com/wp-content/uploads/sites/7/2022/01/1.1-Hip-scope-Labral-Repair_CAM-Rehab.pdf,Hip Arthroscopy with Labral Repair / Osteoplasty / Microfracture
7d3f1d97aaf4,hip-arthroscopy-labral-repair,massachusetts-general-hospital-hip-arthroscopy-for-fai-with-labral,active,2026-07-25,11cbd642c155,2026-07-25,https://www.massgeneral.org/assets/MGH/pdf/orthopaedics/sports-medicine/physical-therapy/Pediatric-Hip-arthroscopy-for-FAI.pdf,Hip Arthroscopy for FAI with Labral Repair — Pediatric
e72be5e07829,hip-arthroscopy-labral-repair,massachusetts-general-hospital-hip-arthroscopy-for-fai-with-medicine,active,2026-07-25,4ea6e450cfb4,2026-07-25,https://www.massgeneral.org/assets/MGH/pdf/orthopaedics/sports-medicine/physical-therapy/rehabilitation-protocol-for-hip-labral-postop.pdf,Hip Arthroscopy for FAI with Labral Repair
4322c930fa02,hip-arthroscopy-labral-repair,nyu-langone-health-hip-arthroscopy-labral-repair-or,active,2026-07-25,b285c74a25f6,2026-07-25,https://www.orthopedicsurgerybrooklyn.com/wp-content/uploads/2025/01/Hip-Arthroscopy-Rehabilitation-Protocol.pdf,Hip Arthroscopy — Labral Repair or Reconstruction (with or without Osteoplasty / Microfracture)
4028354c683a,hip-arthroscopy-labral-repair,ohio-state-university-wexner-medical-hip-arthroscopy-for-fai-labral,active,2026-07-25,799a468eab55,2026-07-25,https://medicine.osu.edu/-/media/files/wexnermedical/patient-care/healthcare-services/sports-medicine/education/medical-professionals/hip/hip-arthroscopy-cpg-2019-(002).pdf?la=en&hash=29918B7B2E1C1E1DAABBED90FDE03D37ECAAB959,Hip Arthroscopy for FAI / Labral Repair
9235110fad91,hip-arthroscopy-labral-repair,orthopaedic-associates-of-maine-with-osteoplasty-capsular-repair,active,2026-07-25,820ea34c57bb,2026-07-25,https://octanecdn.com/growthortho/growthortho_390864592.pdf,with Osteoplasty/Capsular Repair
ea8f0703f2dc,hip-arthroscopy-labral-repair,orthopedic-and-sports-medicine-hip-arthroscopy-post-operative,active,2026-08-02,caf727578c7e,2026-08-02,https://osmsgb.s3.amazonaws.com/wp-content/uploads/2022/06/06112921/Hip-Scope-Post-op-Instructions-2.pdf,Hip Arthroscopy Post-Operative Instructions
f0735d5882fc,hip-arthroscopy-labral-repair,orthopedic-and-sports-medicine-iliopsoas-lengthening-after-total-hip,active,2026-08-02,edb07d79b873,2026-08-02,https://osmsgb.s3.amazonaws.com/wp-content/uploads/2022/06/06113330/Hip-Scope-Iliopsoas-THA-PT.pdf,Iliopsoas Lengthening after Total Hip Arthroplasty
e50f0fd366bb,hip-arthroscopy-labral-repair,orthopedic-and-sports-medicine-iliopsoas-release,active,2026-08-02,2fe77f90147d,2026-08-02,https://osmsgb.s3.amazonaws.com/wp-content/uploads/2022/06/06113433/OSMSPT.IliopsoasRelease.pdf,Iliopsoas Release
8a3c43834df8,hip-arthroscopy-labral-repair,orthopedic-and-sports-medicine-labral-repair-with-capsular-plication,active,2026-08-02,1d93bb6c7316,2026-08-02,https://osmsgb.s3.amazonaws.com/wp-content/uploads/2022/06/06113029/Hip-Scope-Capsular-Plication-PT.pdf,Labral Repair with Capsular Plication
c6597312ec2b,hip-arthroscopy-labral-repair,orthopedic-and-sports-medicine-labral-repair-with-capsular-repair,active,2026-08-02,b86fc319ab20,2026-08-02,https://osmsgb.s3.amazonaws.com/wp-content/uploads/2022/06/06113129/Hip-Scope-Capsular-Repair-PT-1.pdf,Labral Repair with Capsular Repair/Closure
d82c963c064c,hip-arthroscopy-labral-repair,orthopedic-and-sports-medicine-labral-repair-with-capsulotomy,active,2026-08-02,1fa5726e125b,2026-08-02,https://osmsgb.s3.amazonaws.com/wp-content/uploads/2022/06/06112755/Hip-Scope-Caspulotomy-PT.pdf,Labral Repair with Capsulotomy
a2f6b4bd4f10,hip-arthroscopy-labral-repair,saint-louis-university-slucare-femoroacetabuloplasty-with-or-without,active,2026-07-25,8d768d1a344b,2026-07-25,https://www.slu.edu/medicine/orthopaedic-surgery/sports-medicine/-pdf/hip-arthroscopy-with-withoutlabral.pdf,Femoroacetabuloplasty with or without Labral Repair
3d3d879909c1,hip-arthroscopy-labral-repair,sam-health-arthroscopic-hip-surgery-labral-repair,active,2026-07-25,666ea8d2c0d2,2026-07-25,https://samhealth.org/wp-content/uploads/2023/09/Rehabilitation-Guidelines-for-Arthroscopic-Hip-Surgery-338.pdf,Arthroscopic Hip Surgery (Labral Repair / FAI)
770fd0f59eb1,hip-arthroscopy-labral-repair,sanford-health-hip-labral-repair-with-fai-arthroscopy,active,2026-07-25,cd6156acb046,2026-07-25,https://www.sanfordhealth.org/-/media/org/files/medical-professionals/resources-and-education/hip-labrum-and-fai-post-surgical-rehabilitation-guideline.pdf,Hip Labral Repair with FAI (Arthroscopy)
88f92672ebf6,hip-arthroscopy-labral-repair,somos-society-of-military-orthopaedic-hip-arthroscopy-for-fai-labral,active,2026-07-25,37ce0e7f2dcb,2026-07-25,https://www.somos.org/assets/RehabilitationGuidelines/Arthroscopic%20Hip%20Rehabilitation%20%28MAY%202020%29%20-%20Final.pdf,Hip Arthroscopy for FAI / Labral Repair or Reconstruction
c40ef2291c90,hip-arthroscopy-labral-repair,sutter-health-palo-alto-medical-hip-arthroscopy-with-or-without,active,2026-07-25,4de4e0edb7c7,2026-07-25,https://www.kevinrothmd.com/pdfs/hip-arthroscopy-protocol-2025.pdf,Hip Arthroscopy (with or without Microfracture)
e31b677d60b2,hip-arthroscopy-labral-repair,university-hospitals-hip-arthroscopy-labral-repair-labral,active,2026-07-25,e7b0bcb8d88a,2026-07-25,https://www.uhhospitals.org/-/media/files/services/rehabilitation/hip-arthroscopy-rehabilitation-guidelines.pdf,Hip Arthroscopy - Labral Repair / Labral Reconstruction (+/- Femoroplasty)
6186e2d4104b,hip-arthroscopy-labral-repair,university-hospitals-hip-arthroscopy-lysis-of-adhesions,active,2026-07-25,9ca1e4145ca8,2026-07-25,https://www.uhhospitals.org/-/media/files/services/rehabilitation/hip-arthroscopy-rehabilitation-guidelines.pdf,Hip Arthroscopy - Lysis of Adhesions
9f7722430fc0,hip-arthroscopy-labral-repair,university-hospitals-revision-hip-arthroscopy,active,2026-07-25,f66a3494d2a7,2026-07-25,https://www.uhhospitals.org/-/media/files/services/rehabilitation/hip-arthroscopy-rehabilitation-guidelines.pdf,Revision Hip Arthroscopy
2b34bab87d0c,hip-arthroscopy-labral-repair,uw-health-sports-medicine-hip-arthroscopy-labral-repair-fai,active,2026-07-25,b6bd02ba2ae7,2026-07-25,https://bynder.uwhealth.org/m/53a29226c543dd0f/original/Rehab-Guideline-Hip-Arthroscopy-Procedures.pdf,Hip Arthroscopy (Labral Repair / FAI / Osteoplasty)
db45ed1a45b5,hip-labrum-fai,sanford-health-hip-labrum-fai-non-operative,active,2026-07-25,683208d6b6c3,2026-07-25,https://www.sanfordhealth.org/-/media/org/files/medical-professionals/resources-and-education/hip-labrum-and--fai-non-operative-rehabilitation-guideline.pdf,Hip Labrum / FAI (Non-Operative)
e8327d7c5d87,iliotibial-band-syndrome,massachusetts-general-hospital,active,2026-07-25,89c9276abde3,2026-07-25,https://www.massgeneral.org/assets/MGH/pdf/orthopaedics/sports-medicine/physical-therapy/rehabilitation-protocol-for-iliotibial-band-syndrome.pdf,Iliotibial Band Syndrome
a628eac61225,insertional-achilles-tendon-debridement,orthopaedic-associates-of-maine,active,2026-07-25,26c61f43db2d,2026-07-25,https://octanecdn.com/growthortho/growthortho_738790100.pdf,Insertional Achilles Tendon Debridement
3d372375c4be,isolated-mcl-sprain,sanford-health,active,2026-07-25,9906e4baf7a7,2026-07-25,https://www.sanfordhealth.org/-/media/org/files/medical-professionals/resources-and-education/isolated-mcl-sprain.pdf,Isolated MCL Sprain
8a7f7045b93f,it-band-syndrome,iortho,active,2026-07-25,1cf5ed841378,2026-07-25,https://iorthomd.com/wp-content/uploads/2024/06/Rehabilitation-Protocol-for-Iliotibial-Band-Syndrome.pdf,IT Band Syndrome
c20993a93f20,joint-reconstruction,university-orthopedics-brown-university-ac-sc-joint-reconstruction,active,2026-07-25,5cbe4ad94b53,2026-07-25,https://universityorthopedics.com/assets/shoulder/acro_sterno.pdf,AC/SC Joint Reconstruction
5a0fe8d2533a,knee-arthroscopy,sutter-health-palo-alto-medical,active,2026-07-25,c239313598fd,2026-07-25,https://www.kevinrothmd.com/pdfs/knee-arthroscopy-protocol-2024.pdf,Knee Arthroscopy
a60912e5e895,knee-arthroscopy,ucla-department-of-orthopaedic-surgery-arthroscopic-debridement-of,active,2026-07-25,c24f33b298d5,2026-07-25,https://sa1s3.patientpop.com/assets/docs/307021.pdf,Arthroscopic Debridement of Patellar Tendinosis
620c492ef8f4,knee-arthroscopy,university-of-new-mexico-unm-sports-general-knee-arthroscopy,active,2026-07-25,04e27a5d571c,2026-07-25,https://hsc.unm.edu/medicine/departments/ortho-rehab/orthopaedics/fellowships/sports/_id_docs/2025_sports_protocols/knee-arthroscopy-general.pdf,General Knee Arthroscopy
0b37a6af2289,knee-arthroscopy,utah-orthopedic-spine-and-injury-center-arthroscopic-knee-debridement,active,2026-07-25,8a0d7344b1b6,2026-07-25,https://utahorthopedicspineandinjurycenter.com/wp-content/uploads/2016/06/KNEE-DEBRIDEMENT-070116.pdf,Arthroscopic Knee Debridement
77952c61ea6b,knee-osteoarthritis,sanford-health,active,2026-07-25,993464b7113e,2026-07-25,https://www.sanfordhealth.org/-/media/org/files/medical-services/physical-therapy/014000-01512-flyer-sosm-knee-osteoarthritis-rehabilitation-guideline-11x8_5.pdf,Knee Osteoarthritis
37cc0cea8014,kyphoplasty,advanced-orthopedics-and-sports-post-op-kyphoplasty-vertebroplasty,active,2026-07-25,87fa70fb886d,2026-07-25,https://www.houstonspinesurgeon.com/pdf/post-op-kyphoplasty.pdf,Post-Op Kyphoplasty / Vertebroplasty
d03bc7afb7f5,kyphoplasty,axis-spine-center,active,2026-07-25,9a5e5a3cf415,2026-07-25,https://axisspinecenter.com/wp-content/uploads/2022/03/Kyphoplasty-PT-Protocol.pdf,Kyphoplasty
606a9a930888,labrum,saint-louis-university-slucare-slap-repair,active,2026-07-25,16545e9aaf2e,2026-07-25,https://www.slu.edu/medicine/orthopaedic-surgery/sports-medicine/-pdf/slap-repair.pdf,SLAP Repair
64b9826e4c79,latarjet-procedure,lahey-hospital-and-medical-center-open-coracoid-transfer,active,2026-07-25,485a8f839cf2,2026-07-25,https://www.lahey.org/-/media/files/lhmc/orthopedics/shoulder/lhmc-latarjet-rehabilitation-guidelines.pdf,Latarjet Procedure (Open / Coracoid Transfer)
09d75b53296e,latarjet-procedure,mammoth-orthopedic-institute-sierra-anterior-stabilization-latarjet,active,2026-07-25,f7d2e928b6a6,2026-07-25,https://www.mammothortho.com/pdf/anterior-stabalization-gilmer.pdf,Anterior Stabilization — Latarjet Procedure
e7b533f82126,latarjet-procedure,nyu-langone-health-open-anterior-shoulder-stabilization,active,2026-07-25,a4b5a26b899a,2026-07-25,https://www.orthopedicsurgerybrooklyn.com/wp-content/uploads/2024/07/Open-Anterior-Shoulder-Stabilization-Latarjet-or-Distal-Tibial-Allograft-Rehabilitation-Protocol-1.pdf,Open Anterior Shoulder Stabilization (Latarjet / Distal Tibial Allograft)
ea8776012aca,latarjet-procedure,orthopaedic-associates-of-maine-open,active,2026-07-25,ca9f6f9bd962,2026-07-25,https://octanecdn.com/growthortho/growthortho_281380232.pdf,Open
8c2c93198bdc,latarjet-procedure,sutter-health-palo-alto-medical-open-coracoid-transfer-latarjet,active,2026-07-25,bd8abd3480e0,2026-07-25,https://www.kevinrothmd.com/pdfs/latarjet-protocol-2024.pdf,Open Coracoid Transfer (Latarjet Procedure)
501237fa14a5,latarjet-procedure,ucla-department-of-orthopaedic-surgery-anterior-labral-repair-open,active,2026-07-25,d78a11113610,2026-07-25,https://sa1s3.patientpop.com/assets/docs/307038.pdf,Anterior Labral Repair / Open Capsulorrhaphy with Bone Block (Latarjet or Tibial Plafond Allograft)
98a7b7106a39,latarjet-procedure,university-of-virginia-orthopaedic-coracoid-transfer-for-anterior,active,2026-07-25,0845cbc592dd,2026-07-25,https://med.virginia.edu/orthopaedic-surgery/wp-content/uploads/sites/242/2023/01/Latarjet-procedure.pdf,Latarjet Procedure (Coracoid Transfer for Anterior Shoulder Instability)
7104c50b3a88,latarjet-procedure,uw-health-sports-medicine-open-latarjet-anterior-shoulder,active,2026-07-25,32d6a7196ccc,2026-07-25,https://bynder.uwhealth.org/asset/013dabfa-852f-402b-a17d-75a56fcaf63f/Rehab-guideline-Open-Latarjet.pdf,Open Latarjet Anterior Shoulder Stabilization
010d6f1f6c58,lateral-ankle-ligament-repair,mammoth-orthopedic-institute-sierra-brostrom-repair,active,2026-07-25,7afe4901614d,2026-07-25,https://www.mammothortho.com/pdf/ankle-brostrom-repair.pdf,Brostrom Repair
8e9821ca539a,lateral-ankle-ligament-repair,ohio-state-university-wexner-medical-brostrom-procedure,active,2026-07-25,11d18fd20bad,2026-07-25,https://medicine.osu.edu/-/media/files/medicine/departments/sports-medicine/medical-professionals/knee-ankle-and-foot/brostrom-procedure-2022.pdf,Brostrom Procedure
ffb83a9fb4d1,lateral-ankle-ligament-repair,somos-society-of-military-orthopaedic-ankle-reconstruction-modified,active,2026-07-25,9ff062b6f801,2026-07-25,https://www.somos.org/assets/RehabilitationGuidelines/Ankle%20Reconstruction%20-%20Modified%20Brostrom%20Rehabilitation%20%28MAY%202020%29%20-%20Final.pdf,Ankle Reconstruction — Modified Broström
3871c8fc0a13,lateral-ankle-ligament-repair,university-of-colorado-anschutz-cu-modified-brostrom-procedure,active,2026-07-25,981599fd0eaa,2026-07-25,https://medschool.cuanschutz.edu/docs/librariesprovider65/foot-ankle/foot-and-ankle-post-op-protocols/modified-brostom-procedure.pdf?sfvrsn=6a1577bb_2,Modified Brostrom Procedure
d6f981327815,lateral-ankle-ligament-repair,uw-health-sports-medicine-lateral-ankle-reconstruction-brostrom,active,2026-07-25,89749ef5e2ae,2026-07-25,https://bynder.uwhealth.org/m/868637aa7260efb0/original/Rehab-Guideline-Lateral-Ankle-Reconstruction.pdf,Lateral Ankle Reconstruction (Brostrom)
fb6ca287fdc1,lateral-ankle-sprain,massachusetts-general-hospital-lateral-ankle-sprain-non-operative,active,2026-07-25,e9c550883581,2026-07-25,https://www.massgeneral.org/assets/MGH/pdf/orthopaedics/sports-medicine/physical-therapy/pediatric-Rehabilitation-Protocol-for-Lateral-Ankle-Sprain-non-operative-management.pdf,Lateral Ankle Sprain — Non-Operative (Pediatric)
7899873261f8,lateral-epicondyle-debridement,lahey-hospital-and-medical-center-lateral-epicondylectomy-surgery-for,active,2026-07-25,fa5e16ac02a0,2026-07-25,https://www.lahey.org/-/media/files/lhmc/orthopedics/elbow/lhmc-lateral-epicondylectomy.pdf,Lateral Epicondylectomy (Surgery for Lateral Epicondylitis)
8f11fbbd306d,lateral-epicondyle-debridement,orthopedic-and-sports-medicine-lateral-epicondyle-surgery,active,2026-08-02,80f62c9d1332,2026-08-02,https://osmsgb.s3.amazonaws.com/wp-content/uploads/2022/06/06110444/OSMSPT.LatEpicondyle.pdf,Lateral Epicondyle Surgery
849ba8ebca4f,lateral-epicondyle-debridement,saint-louis-university-slucare-arthroscopic-extensor-origin,active,2026-07-25,769e9d18db91,2026-07-25,https://www.slu.edu/medicine/orthopaedic-surgery/sports-medicine/-pdf/elbow-arthroscopy-and-lateral-epicondyle-debridement.pdf,Arthroscopic Extensor Origin Debridement
13e95a1fbb8f,lateral-epicondyle-debridement,university-of-virginia-orthopaedic-lateral-epicondyle-tennis-elbow,active,2026-07-25,f9c4d9fe9c68,2026-07-25,https://med.virginia.edu/orthopaedic-surgery/wp-content/uploads/sites/242/2024/09/Lateral-Epicondyle-Tennis-Elbow-Debridement-with-tendon-repair.pdf,Lateral Epicondyle (Tennis Elbow) Debridement with Tendon Repair
84f1edf6276c,lateral-epicondyle-debridement,university-of-virginia-orthopaedic-lateral-epicondyle-tennis-protocol,active,2026-07-25,534be5d546d9,2026-07-25,https://med.virginia.edu/orthopaedic-surgery/wp-content/uploads/sites/242/2024/09/Lateral-Epicondyle-Tennis-Elbow-Debridement-without-tendon-repair.pdf,Lateral Epicondyle (Tennis Elbow) Debridement without Tendon Repair
ac60bbea00dc,lateral-epicondyle-debridement,uw-health-sports-medicine-lateral-epicondyler-debridement-and,active,2026-07-25,bb1cfa6a67b1,2026-07-25,https://bynder.uwhealth.org/m/77e5e4d90b8f1c68/original/Rehab-Guideline-Lateral-Epicondyler-Debridements-and-Elbow-Repairs.pdf,Lateral Epicondyler Debridement and Repair of the Elbow
66ca494c7ae3,lateral-epicondylitis-conservative-management,lahey-hospital-and-medical-center-lateral-epicondylitis-conservative,active,2026-07-25,8a4a1642014d,2026-07-25,https://www.lahey.org/-/media/files/lhmc/orthopedics/elbow/lhmc-lateral-epicondylitis-conservative-management-protocol.pdf,Lateral Epicondylitis Conservative Management
7612edd7ca9f,lateral-retinacular-release,mountain-orthopaedics,active,2026-07-25,97d5fe5e40c3,2026-07-25,https://s43932.pcdn.co/wp-content/uploads/sites/206/2024/12/LATERAL-RENTINACULAR-RELEASE.pdf,Lateral Retinacular Release
263008a6a8f0,lcl-posterolateral-corner-repair-and-reconstruction,saint-louis-university-slucare-lcl-posterolateral-corner-repair-and,active,2026-07-25,b370c2153599,2026-07-25,https://www.slu.edu/medicine/orthopaedic-surgery/sports-medicine/-pdf/knee-lcl-and-posterolateral-corner-repair-and-reconstruction.pdf,LCL / Posterolateral Corner Repair and Reconstruction
fdaa73e5c135,ligament-repair-reconstruction,university-orthopedics-brown-university-acl-reconstruction-with,active,2026-07-25,74157bdf756a,2026-07-25,https://universityorthopedics.com/assets/knee/ACL-meniscus.pdf,ACL Reconstruction with Meniscus Repair
a29aefbe9c97,ligament-repair-reconstruction,university-orthopedics-brown-university-mcl-reconstruction,active,2026-07-25,246ddf4e75fa,2026-07-25,https://universityorthopedics.com/assets/knee/MCL-protocol.pdf,MCL Reconstruction
ffab9a6a4f78,ligament-repair-reconstruction,university-orthopedics-brown-university-mpfl-reconstruction,active,2026-07-25,13c0f95efe68,2026-07-25,https://universityorthopedics.com/assets/knee/MPFL-Reconstruction-Protocol.pdf,MPFL Reconstruction
029e4fea86aa,ligament-repair-reconstruction,university-orthopedics-brown-university-pcl-reconstruction,active,2026-07-25,6a2e9aff4229,2026-07-25,https://universityorthopedics.com/assets/knee/PCL-recon-protocol.pdf,PCL Reconstruction
65e069db0d20,ligament-repair-reconstruction,university-orthopedics-brown-university-posterolateral-corner-plc,active,2026-07-25,9c2ee1546254,2026-07-25,https://universityorthopedics.com/assets/knee/PLC-knee-protocol.pdf,Posterolateral Corner (PLC) Reconstruction
8ea227b9d417,low-back-pain,massachusetts-general-hospital-low-back-pain-mobility-deficits-non,active,2026-07-25,3378d12a08a5,2026-07-25,https://www.massgeneral.org/assets/MGH/pdf/orthopaedics/sports-medicine/physical-therapy/rehabilitation-protocol-for-conservative-management-of-low-back-pain-with-mobility-deficits.pdf,Low Back Pain — Mobility Deficits (Non-Operative)
98cad282a754,lumbar-disc-arthroplasty,advanced-orthopedics-and-sports-post-op-lumbar-artificial-disc,active,2026-07-25,4150775d9e0a,2026-07-25,https://www.houstonspinesurgeon.com/pdf/post-op-artificial-disc.pdf,Post-Op Lumbar Artificial Disc Replacement
b1fa4363a65e,lumbar-disc-displacement-herniation,massachusetts-general-hospital-lumbar-disc-displacement-herniation-non,active,2026-07-25,5c6c7fe5428c,2026-07-25,https://www.massgeneral.org/assets/MGH/pdf/orthopaedics/sports-medicine/physical-therapy/rehabilitation-protocol-conservative-management-of-lumbar-spine-disc-displacement.pdf,Lumbar Disc Displacement / Herniation (Non-Operative)
2f4b6cf43619,lumbar-laminectomy,advanced-health-and-sports-medicine-post-op-rehabilitation,active,2026-07-25,b055b1bcd357,2026-07-25,https://www.ahsmp.com/wp-content/uploads/2023/05/LUMBAR-LAMINECTOMY_-POST-OP-REHABILITATION-PROTOCOL-2.pdf,Lumbar Laminectomy: POST-OP Rehabilitation
91ca11a60156,lumbar-laminectomy,advanced-orthopedics-and-sports-post-op-lumbar-laminectomy-discectomy,active,2026-07-25,b984429871d0,2026-07-25,https://www.houstonspinesurgeon.com/pdf/post-op-lumbar-laminectomy-discectomy.pdf,Post-Op Lumbar Laminectomy / Discectomy
56fa589a7d54,lumbar-laminectomy,axis-spine-center-decompression,active,2026-07-25,5e9414fa5694,2026-07-25,https://www.axisspinecenter.com/wp-content/uploads/2022/03/Lumbar-Laminectomy-PT-Protocol.pdf,Lumbar Laminectomy / Decompression
90e7636ed714,lumbar-laminectomy,ohio-state-university-wexner-medical-decompression,active,2026-07-25,9eb6588e354e,2026-07-25,https://wexnermedical.osu.edu/-/media/files/wexnermedical/patient-care/healthcare-services/neurological-institute/ohio-state-spine-care/lumbar-laminectomy-april-2022-brandedpdf.pdf,Lumbar Laminectomy / Decompression
b2035918fcf6,lumbar-microdiscectomy,advanced-health-and-sports-medicine-lumbar-discectomy,active,2026-07-25,3be0647f6270,2026-07-25,https://www.ahsmp.com/wp-content/uploads/2023/05/LUMBAR-DISCECTOMY_-POST-OP-REHABILITATION-PROTOCOL-2.pdf,Lumbar Discectomy
23bb4a8adc55,lumbar-microdiscectomy,axis-spine-center-discectomy,active,2026-07-25,c81c1a89140c,2026-07-25,https://www.axisspinecenter.com/wp-content/uploads/2022/03/Lumbar-Microdiscectomy-PT-Protocol.pdf,Lumbar Microdiscectomy / Discectomy
f5e5d5bf4712,lumbar-microdiscectomy,brigham-and-womens-hospital-post-operative-spine-surgery,active,2026-07-25,7d4c68215bf0,2026-07-25,https://www.brighamandwomens.org/assets/BWH/patients-and-families/rehabilitation-services/pdfs/operative-spine-acute-bwh.pdf,Post-Operative Spine Surgery (Laminectomy / Discectomy / Fusion)
4f61b65ffdd1,lumbar-microdiscectomy,ohio-state-university-wexner-medical-discectomy,active,2026-07-25,f1c1dc8be454,2026-07-25,https://wexnermedical.osu.edu/-/media/files/wexnermedical/patient-care/healthcare-services/neurological-institute/ohio-state-spine-care/lumbar-discectomy-april-2022-branded.pdf?hash=64ECD88F436B3ADA6C89FA7D71F7889A652ED766&la=en,Lumbar Microdiscectomy / Discectomy
b1768db1b399,lumbar-spinal-fusion,advanced-orthopedics-and-sports-post-op-lumbar-fusion,active,2026-07-25,7cd13336e850,2026-07-25,https://www.houstonspinesurgeon.com/pdf/post-op-lumbar-fusion.pdf,Post-Op Lumbar Fusion
7623b4f4662a,lumbar-spinal-fusion,axis-spine-center-lumbar-fusion-psif-alif-llif-tlif,active,2026-07-25,315f792c30e9,2026-07-25,https://www.axisspinecenter.com/wp-content/uploads/2022/03/Lumbar-Fusion-PT-Protocol.pdf,Lumbar Fusion (PSIF / ALIF / LLIF / TLIF)
a3caf03e9ba0,lumbar-spinal-fusion,lahey-hospital-and-medical-center,active,2026-07-25,1f730bc1a658,2026-07-25,https://www.lahey.org/-/media/files/lhmc/orthopedics/spine/lhmc-rehab-protocol-post-op-lumbar-spinal-fusion.pdf,Lumbar Spinal Fusion
146b0af419fa,lumbar-spinal-fusion,ohio-state-university-wexner-medical-tlif-posterior-lumbar-fusion,active,2026-07-25,2c6149b703d3,2026-07-25,https://wexnermedical.osu.edu/-/media/files/wexnermedical/patient-care/healthcare-services/neurological-institute/ohio-state-spine-care/lumbar-fusion-april-2022-branded.pdf?la=en&hash=0AD85D374EDD8006DE4531EC6D67C6434B964196,TLIF / Posterior Lumbar Fusion
0f7cabdcb2f3,lumbar-spinal-stenosis,massachusetts-general-hospital-lumbar-spinal-stenosis-non-operative,active,2026-07-25,b3936043bd0f,2026-07-25,https://www.massgeneral.org/assets/MGH/pdf/orthopaedics/sports-medicine/physical-therapy/rehabilitation-protocol-conservative-management-of-lumbar-spinal-stenosis.pdf,Lumbar Spinal Stenosis (Non-Operative)
ff52efd6024c,lumbar-spondylolysis-spondylolisthesis,sanford-health,active,2026-07-25,1651a51a11c2,2026-07-25,https://www.sanfordhealth.org/-/media/org/files/medical-professionals/resources-and-education/spondylolysis-non-operative-rehabilitation-guideline.pdf,Lumbar Spondylolysis / Spondylolisthesis (Non-Operative)
c464f90fcdbb,lumbar-spondylolysis-spondylolisthesis,uw-health-sports-medicine,active,2026-07-25,c1e26ee35d7e,2026-07-25,https://bynder.uwhealth.org/m/5990fa4984a2f754/original/Rehab-Guideline-Lumbar-Spondylolysis-Spondylolisthesis.pdf,Lumbar Spondylolysis / Spondylolisthesis (Acute & Chronic Non-Operative)
b56deec9782a,lumbar-spondylosis-degenerative-changes,massachusetts-general-hospital,active,2026-07-25,ebc32f6ce733,2026-07-25,https://www.massgeneral.org/assets/MGH/pdf/orthopaedics/sports-medicine/physical-therapy/rehabilitation-protocol-conservative-management-of-lumbar-spondylosis.pdf,Lumbar Spondylosis / Degenerative Changes (Non-Operative)
c410bcebdf0b,mallet-finger-non-operative,university-of-virginia-orthopaedic-extensor-tendon-mallet-finger-zone,active,2026-07-25,4435737512e4,2026-07-25,https://med.virginia.edu/orthopaedic-surgery/wp-content/uploads/sites/242/2024/09/Extensor-Tendon-Mallet-Zone-I-and-II-non-surgical.pdf,Extensor Tendon Mallet Finger — Zone I-II Non-Operative
e09bd7157b42,mallet-finger-non-operative,uw-health-orthopedic-surgery-unitypoint-zone-i-mallet-finger,active,2026-07-25,0d72e2a5ac14,2026-07-25,https://bynder.uwhealth.org/m/3c8e2d0eb7fd1447/original/Rehab-Guideline-Zone-1-Mallet-Injury-Conservative-and-Post-Op.pdf,Zone I Mallet Finger — Conservative
f96e1b06ade4,mcl-reconstruction,orthopedic-and-sports-medicine-elbow-mcl-reconstruction,active,2026-08-02,3e4436f75d20,2026-08-02,https://osmsgb.s3.amazonaws.com/wp-content/uploads/2021/09/06110350/OSMSPT.ElbowMCLRecon.pdf,Elbow MCL Reconstruction
b6ece14adae2,mcl-reconstruction,sanford-health,active,2026-07-25,fc8ed1eab4b3,2026-07-25,https://www.sanfordhealth.org/-/media/org/files/medical-professionals/resources-and-education/mcl-reconstruction.pdf,MCL Reconstruction
9a1acc6729a0,mcl-repair,mammoth-orthopedic-institute-sierra-with-internal-brace-and,active,2026-07-25,73ff9806beec,2026-07-25,https://www.mammothortho.com/pdf/mcl-repair-with-internal-brace-gilmer.pdf,MCL Repair with Internal Brace and Ipsilateral Hamstring Autograft Augmentation
0fde9b79671c,mcl-repair,mammoth-orthopedic-institute-sierra-with-ipsilateral-hamstring,active,2026-07-25,d7a7ae22eda2,2026-07-25,https://www.mammothortho.com/pdf/mcl-repair-gilmer.pdf,MCL Repair with Ipsilateral Hamstring Autograft Augmentation
6ea384760eac,mcl-repair-reconstruction,saint-louis-university-slucare,active,2026-07-25,ff2a870b506b,2026-07-25,https://www.slu.edu/medicine/orthopaedic-surgery/sports-medicine/-pdf/knee-mcl-reconstruction.pdf,MCL Repair / Reconstruction
b7f3aa95183c,medial-epicondyle-debridement,orthopedic-and-sports-medicine-medial-epicondyle-surgery,active,2026-08-02,5b6890f6df29,2026-08-02,https://osmsgb.s3.amazonaws.com/wp-content/uploads/2022/06/06110521/OSMSPT.MedEpicondyle.pdf,Medial Epicondyle Surgery
f1e6640dfd14,medial-epicondyle-debridement,university-of-virginia-orthopaedic-medial-epicondyle-golfers-elbow,active,2026-07-25,457a877ba393,2026-07-25,https://med.virginia.edu/orthopaedic-surgery/wp-content/uploads/sites/242/2024/09/Medial-Epicondyle-Golfers-Elbow-Debridement-without-tendon-repair.pdf,Medial Epicondyle (Golfer's Elbow) Debridement without Tendon Repair
f39608a0c1d7,medial-epicondyle-debridement,university-of-virginia-orthopaedic-medial-epicondyle-golfers-protocol,active,2026-07-25,ff1913932ba7,2026-07-25,https://med.virginia.edu/orthopaedic-surgery/wp-content/uploads/sites/242/2024/09/Medial-Epicondyle-Golfers-Elbow-Debridement-with-tendon-repair.pdf,Medial Epicondyle (Golfer's Elbow) Debridement with Tendon Repair
00d8f8ae1263,medial-lateral-epicondylalgia,massachusetts-general-hospital,active,2026-07-25,8522628f2ae4,2026-07-25,https://www.massgeneral.org/assets/MGH/pdf/orthopaedics/sports-medicine/physical-therapy/rehabilitation-protocol-for-medial-lateral-epicondylitis.pdf,Medial/Lateral Epicondylalgia
fd7970a84779,medial-tibial-stress-fracture,massachusetts-general-hospital-medial-tibial-stress-fracture-pediatric,active,2026-07-25,73030ae61755,2026-07-25,https://www.massgeneral.org/assets/MGH/pdf/orthopaedics/sports-medicine/physical-therapy/Pediatric-Rehabilition-Protocol-for-Medial-Tibial-Stress-Fracture.pdf,Medial Tibial Stress Fracture — Pediatric
09c1d9f0c4e5,medial-tibial-stress-syndrome,sanford-health,active,2026-07-25,f164cc37adfb,2026-07-25,https://www.sanfordhealth.org/-/media/org/files/medical-professionals/resources-and-education/medial-tibial-stress-syndrome-guideline.pdf,Medial Tibial Stress Syndrome
1ba057627967,meniscal-allograft-transplantation,saint-louis-university-slucare,active,2026-07-25,595f0733643a,2026-07-25,https://www.slu.edu/medicine/orthopaedic-surgery/sports-medicine/-pdf/meniscal-allograft-transplantation.pdf,Meniscal Allograft Transplantation
f70de2f54286,meniscal-allograft-transplantation,sanford-health,active,2026-07-25,c9a71e1eebe3,2026-07-25,https://www.sanfordhealth.org/-/media/org/files/medical-professionals/resources-and-education/meniscal-allograft-transplantation.pdf,Meniscal Allograft Transplantation
420137855461,meniscectomy,childrens-hospital-of-philadelphia-chop-arthroscopic-meniscectomy,active,2026-07-25,92042e31a362,2026-07-25,https://www.chop.edu/sites/default/files/arthroscopic-meniscectomy-chondral-debridement-protocol.pdf,Arthroscopic Meniscectomy / Chondral Debridement
46b47ff479dd,meniscectomy,massachusetts-general-hospital-arthroscopic-partial-meniscectomy,active,2026-07-25,eb49fa90b19d,2026-07-25,https://www.massgeneral.org/assets/mgh/pdf/orthopaedics/sports-medicine/physical-therapy/rehabilitation-protocol-for-meniscectomy.pdf,Arthroscopic Partial Meniscectomy
4dcde05bfc3e,meniscectomy,nyu-langone-health-knee-debridement-post-operative,active,2026-07-25,18d788ef0890,2026-07-25,https://www.orthopedicsurgerybrooklyn.com/wp-content/uploads/2024/07/Meniscectomy-or-Debridement-Rehabilitation-Protocol-1.pdf,Meniscectomy / Knee Debridement (Post-Operative)
2935c32aa9a9,meniscectomy,ohio-state-university-wexner-medical-general-knee-debridement-partial,active,2026-07-25,7a508bce235e,2026-07-25,https://medicine.osu.edu/-/media/files/wexnermedical/patient-care/healthcare-services/sports-medicine/education/medical-professionals/knee-ankle-and-foot/generalkneedebridementpartialmeniscectomy.pdf,General Knee Debridement / Partial Meniscectomy / Plica Resection
18ebef257d39,meniscectomy,ohio-state-university-wexner-medical-knee-arthroscopy-synovectomy,active,2026-07-25,b5817e966270,2026-07-25,https://medicine.osu.edu/-/media/files/medicine/departments/sports-medicine/medical-professionals/knee-ankle-and-foot/knee-arthroscopy_2023.pdf?rev=bbadbf7e85f84b13a9304cd8598cd58d&hash=FEE819913F016387CF2B5E4BDDFF95CC,Knee Arthroscopy (Synovectomy / Chondroplasty / Loose Body / Plica)
da450a214097,meniscectomy,orthopedic-and-sports-medicine-knee-meniscectomy,active,2026-08-02,ab0cf0e5c6ef,2026-08-02,https://osmsgb.s3.amazonaws.com/wp-content/uploads/2022/06/09103944/OSMSPT.KneeMeniscectomy.pdf,Knee Meniscectomy
ad3ab08d8a08,meniscectomy,saint-louis-university-slu-partial-meniscectomy-chondroplasty,active,2026-07-25,4c288787f97f,2026-07-25,https://www.slu.edu/medicine/orthopaedic-surgery/sports-medicine/-pdf/knee-arthroscopy-meniscectomy-chondroplasty-loose-body-removal.pdf,Partial Meniscectomy / Chondroplasty / Loose Body Removal
c185874d00d5,meniscectomy,somos-society-of-military-orthopaedic-arthroscopic-knee-meniscal,active,2026-07-25,11a586435d8f,2026-07-25,https://www.somos.org/assets/RehabilitationGuidelines/Arthroscopic%20Knee%20Rehabilitation%20%28MAY%202020%29%20-%20Final.pdf,Arthroscopic Knee — Meniscal Debridement / Chondroplasty / Meniscectomy
b06aca610446,meniscectomy,ucla-department-of-orthopaedic-surgery-arthroscopic-meniscectomy,active,2026-07-25,673aa98731b9,2026-07-25,https://sa1s3.patientpop.com/assets/docs/307012.pdf,Arthroscopic Meniscectomy / Loose Body Removal / Debridement
a5aba56e1a15,meniscectomy,university-of-virginia-orthopaedic-knee-arthroscopy-partial,active,2026-07-25,0f1a2b695107,2026-07-25,https://med.virginia.edu/orthopaedic-surgery/wp-content/uploads/sites/242/2021/06/Knee-Arthroscopy.pdf,Knee Arthroscopy (Partial Meniscectomy / Loose Body / Chondroplasty)
de959a5fedac,meniscectomy,university-orthopedics-brown-university-knee-arthroscopy-post-op,active,2026-07-25,4f8d4466030b,2026-07-25,https://universityorthopedics.com/assets/layout/UOI-knee-arthroscopy-post-op-final.pdf,Knee Arthroscopy Post-Op
3271c8bf42fb,meniscectomy,uw-health-sports-medicine-knee-debridement-and-partial,active,2026-07-25,d58ddf03a4de,2026-07-25,https://bynder.uwhealth.org/m/44bfc7ecbb894b24/original/Rehab-Guideline-Knee-Debridements-and-Partial-Menisectomie.pdf,Knee Debridement and Partial Meniscectomy
d7740d8fac85,meniscus,iortho-arthroscopic-meniscal-repair,active,2026-07-25,61452c2cbe0b,2026-07-25,https://iorthomd.com/wp-content/uploads/2024/06/Rehabilitation-Protocol-for-Arthroscopic-Meniscal-Repair.pdf,Arthroscopic Meniscal Repair
8430538194ef,meniscus,iortho-arthroscopic-partial-meniscectomy,active,2026-07-25,b7996180addb,2026-07-25,https://iorthomd.com/wp-content/uploads/2024/06/Rehabilitation-Protocol-for-Arthroscopic-Partial-Meniscectomy.pdf,Arthroscopic Partial Meniscectomy
68a1ea84978a,meniscus-repair,lahey-hospital-and-medical-center-isolated-meniscus-repair,active,2026-07-25,37118672e3b0,2026-07-25,https://www.lahey.org/-/media/files/lhmc/orthopedics/knee/lhmc-meniscal-repair-protocol.pdf,Isolated Meniscus Repair
68afabdc112b,meniscus-repair,massachusetts-general-hospital-arthroscopic-meniscal-repair-pediatric,active,2026-07-25,06f259dc788f,2026-07-25,https://www.massgeneral.org/assets/MGH/pdf/orthopaedics/sports-medicine/physical-therapy/Pediatric-Meniscal-repair-protocol.pdf,Arthroscopic Meniscal Repair — Pediatric
d9608e2ab48b,meniscus-repair,massachusetts-general-hospital-isolated-meniscus-repair-arthroscopic,active,2026-07-25,3f7dec587b41,2026-07-25,https://www.massgeneral.org/assets/mgh/pdf/orthopaedics/sports-medicine/physical-therapy/rehabilitation-protocol-for-meniscus-repair.pdf,Isolated Meniscus Repair (Arthroscopic)
c47faf4eb4ff,meniscus-repair,mountain-orthopaedics-isolated-meniscal-repair,active,2026-07-25,3e3f4ac466b4,2026-07-25,https://s43932.pcdn.co/wp-content/uploads/sites/206/2024/12/ISOLATED-MENISCAL-REPAIR.pdf,Isolated Meniscal Repair
c324f18795b3,meniscus-repair,nyu-langone-health-all-inside-meniscus-repair,active,2026-07-25,c138b1ce2b5b,2026-07-25,https://www.orthopedicsurgerybrooklyn.com/wp-content/uploads/2024/07/All-Inside-Meniscus-Repair-Rehabilitation-Protocol-1.pdf,All-Inside Meniscus Repair
39c8caaee134,meniscus-repair,ohio-state-university-wexner-medical-advanced-meniscus-repair-radial,active,2026-07-25,879c8ecb3e29,2026-07-25,https://medicine.osu.edu/-/media/files/medicine/departments/sports-medicine/medical-professionals/rehabilitation-protocols/advanced_meniscus-repair_2023.pdf?rev=3d6d21dc763e446fa046722604db5d57&hash=C781021BF11F2A0E2471928BF1EC4DEA,"Advanced Meniscus Repair (Radial, Root, Horizontal Cleavage)"
e908aa7025c2,meniscus-repair,orthopaedic-associates-of-e908aa,active,2026-07-25,07023a2a1b5a,2026-07-25,https://octanecdn.com/growthortho/growthortho_120045691.pdf,Simple Meniscus Repair
3dc2ca4d5385,meniscus-repair,orthopaedic-associates-of-maine,active,2026-07-25,9bad2dc28847,2026-07-25,https://octanecdn.com/growthortho/growthortho_472454129.pdf,Complex Meniscus Repair
752725c82286,meniscus-repair,orthopaedic-associates-of-protocol,active,2026-07-25,917c5847a008,2026-07-25,https://octanecdn.com/growthortho/growthortho_672507823.pdf,Meniscal Repair
19e363d8c040,meniscus-repair,orthopedic-and-sports-medicine,active,2026-08-02,c5ec942d0b07,2026-08-02,https://osmsgb.s3.amazonaws.com/wp-content/uploads/2022/06/09104208/OSMSPT.MeniscalRepair.pdf,Meniscal Repair
7c08f95fd810,meniscus-repair,orthopedic-and-sports-medicine-meniscal-root-repair,active,2026-08-02,aa64374c1afc,2026-08-02,https://osmsgb.s3.amazonaws.com/wp-content/uploads/2022/06/09104355/OSMSPT.Rootrepair-1.pdf,Meniscal Root Repair
b96fd03dac35,meniscus-repair,paragon-orthopedic-center-isolated-meniscus-repair,active,2026-07-25,640b0ac93ab4,2026-07-25,https://www.oregonortho.com/sites/oregonortho.com/files/patient-instructions/knee/knee-arth/Isolated-Meniscus-Repair-Post-Op-Rehab-Protocol.pdf,Isolated Meniscus Repair
84cd42335158,meniscus-repair,saint-louis-university-slu-isolated-meniscus-repair,active,2026-07-25,3413d0984236,2026-07-25,https://www.slu.edu/medicine/orthopaedic-surgery/sports-medicine/-pdf/meniscus-repair.pdf,Isolated Meniscus Repair
2d52e63ccae4,meniscus-repair,saint-louis-university-slucare-meniscal-repair,active,2026-07-25,dfcdddcd0766,2026-07-25,https://www.slu.edu/medicine/orthopaedic-surgery/sports-medicine/-pdf/meniscus-repair-guidelines-final-22.pdf,Meniscal Repair
f0429949a669,meniscus-repair,sam-health-stable-tear-vertical-longitudinal,active,2026-07-25,fc697cb2c799,2026-07-25,https://samhealth.org/wp-content/uploads/Rehabilitation-Guidelines-for-Meniscus-Repair-338.pdf,"Meniscus Repair (Stable Tear -- Vertical-Longitudinal, Bucket-Handle)"
6a23d426f138,meniscus-repair,sam-health-unstable-tear-radial-root-complex-flap,active,2026-07-25,0e21c8af50ac,2026-07-25,https://samhealth.org/wp-content/uploads/Rehabilitation-Guidelines-for-Meniscus-Repair-338.pdf,"Meniscus Repair (Unstable Tear -- Radial, Root, Complex, Flap)"
e3ee93eb724b,meniscus-repair,somos-society-of-military-orthopaedic,active,2026-07-25,c04ee26c1e55,2026-07-25,https://www.somos.org/assets/RehabilitationGuidelines/Meniscus%20Repair%20Rehabilitation%20%28MAY%202020%29%20-%20Final.pdf,Meniscus Repair
63a9081bb7d4,meniscus-repair,sutter-health-palo-alto-medical-meniscus-body-repair,active,2026-07-25,e0ea7e92fc59,2026-07-25,https://www.kevinrothmd.com/pdfs/meniscus-body-repair-protocol-2024.pdf,Meniscus Body Repair
755e8df533e5,meniscus-repair,sutter-health-palo-alto-medical-meniscus-root-repair,active,2026-07-25,5ac3d8830ecd,2026-07-25,https://www.kevinrothmd.com/pdfs/meniscus-root-repair-protocol-2024.pdf,Meniscus Root Repair
3877227616c9,meniscus-repair,ucla-department-of-orthopaedic-surgery-meniscus-repair-non-radial,active,2026-07-25,e40f2df63b8f,2026-07-25,https://sa1s3.patientpop.com/assets/docs/307010.pdf,Meniscus Repair (Non-Radial Tears)
566cfdbb58a8,meniscus-repair,ucla-department-of-orthopaedic-surgery-radial-meniscus-tear-root-tear,active,2026-07-25,fe4b980f3b2c,2026-07-25,https://sa1s3.patientpop.com/assets/docs/307011.pdf,Radial Meniscus Tear / Root Tear Repair
51400b4954b0,meniscus-repair,university-of-colorado-anschutz-cu,active,2026-07-25,ab1bdb9002d0,2026-07-25,https://medschool.cuanschutz.edu/docs/librariesprovider65/eric-mccarty/documents/meniscus-repair-protocol-(3-27-2023).pdf?sfvrsn=634658bb_0,Meniscus Repair
ccf2b1460292,meniscus-repair,university-of-delaware-physical-therapy,active,2026-07-25,a0ae8ee75883,2026-07-25,https://bpb-us-w2.wpmucdn.com/sites.udel.edu/dist/c/3448/files/2016/01/Meniscal-Repair.pdf,Meniscal Repair
e276e9bc995e,meniscus-repair,university-of-new-mexico-unm-sports-meniscal-repair-root-radial-or-all,active,2026-07-25,ca6280035874,2026-07-25,https://hsc.unm.edu/medicine/departments/ortho-rehab/orthopaedics/fellowships/sports/_id_docs/2025_sports_protocols/meniscus-repair.pdf,Meniscal Repair (Root/Radial or All Other Types)
98e8d0326e3a,meniscus-repair,university-of-virginia-orthopaedic,active,2026-07-25,0813f2018cda,2026-07-25,https://med.virginia.edu/orthopaedic-surgery/wp-content/uploads/sites/242/2024/12/Meniscal-Repair.pdf,Meniscal Repair
1da60a34a7bf,meniscus-repair,university-of-virginia-orthopaedic-meniscal-root-repair,active,2026-07-25,f6c6c170a1e1,2026-07-25,https://med.virginia.edu/orthopaedic-surgery/wp-content/uploads/sites/242/2021/06/Root-Repair-2.pdf,Meniscal Root Repair
474fbfe0fc01,meniscus-repair,university-orthopedics-brown-university-isolated-meniscus-repair,active,2026-07-25,84bfcae59666,2026-07-25,https://universityorthopedics.com/assets/layout/UOI-Meniscus%20Repair-protocol.pdf,Isolated Meniscus Repair
5767486c1a01,meniscus-repair,uw-health-sports-medicine,active,2026-07-25,11cbf7f3025a,2026-07-25,https://bynder.uwhealth.org/m/b4ed24b6616ad7a8/original/Rehab-Guideline-Meniscal-Repair.pdf,Meniscal Repair
9b56b479f40e,meniscus-repair,uw-health-sports-medicine-meniscal-root-and-complex-tear-repair,active,2026-07-25,0ad86e703404,2026-07-25,https://bynder.uwhealth.org/m/84383ee9d6a50b0c/original/Rehab-Guideline-Meniscal-Repair-of-Root-and-Complex-Tears.pdf,Meniscal Root and Complex Tear Repair
4a71a80bf54c,meniscus-transplant,orthopaedic-associates-of-maine,active,2026-07-25,3cb73a118034,2026-07-25,https://octanecdn.com/growthortho/meniscus_transplant_rehab_protocol.pdf,Meniscus Transplant
937fd3845dea,meniscus-transplant,ucla-department-of-orthopaedic-surgery-meniscus-allograft,active,2026-07-25,da7ef7397780,2026-07-25,https://sa1s3.patientpop.com/assets/docs/345636.pdf,Meniscus Allograft Transplantation
afc9ee3f637d,microfracture,iortho-femoral-condyle-patella-trochlear-groove,active,2026-07-25,1a8c76574a19,2026-07-25,https://iorthomd.com/wp-content/uploads/2024/06/Rehabilitation-Protocol-for-Microfracture-of-Femoral-Condyle-Patella-Trochlear-Groove.pdf,Femoral Condyle / Patella / Trochlear Groove
42256f6b9525,microfracture,lahey-hospital-and-medical-center-distal-femoral-and-proximal-tibial,active,2026-07-25,1ca3294d7f52,2026-07-25,https://www.lahey.org/-/media/files/lhmc/orthopedics/knee/lhmc-distal-femoral-and-proximal-tibial-microfracture.pdf,Distal Femoral and Proximal Tibial Microfracture
b2de5b65c806,microfracture,mammoth-orthopedic-institute-sierra-biocartilage-of-femoral-condyle,active,2026-07-25,01ad51d7c8c3,2026-07-25,https://www.mammothortho.com/pdf/microfracture-biocartilage-of-femoral-condyle-gilmer.pdf,Microfracture / BioCartilage of Femoral Condyle
8a7982174345,microfracture,orthopedic-and-sports-medicine-femoral-condyle,active,2026-08-02,fd744a525ea1,2026-08-02,https://osmsgb.s3.amazonaws.com/wp-content/uploads/2022/06/09104502/OSMSPT.MicrofractureFemCondyle.pdf,Microfracture — Femoral Condyle
bf8642f9aed1,microfracture,orthopedic-and-sports-medicine-patellofemoral,active,2026-08-02,fccd2aa4a8db,2026-08-02,https://osmsgb.s3.amazonaws.com/wp-content/uploads/2022/06/06122528/OSMSPT.MicrofracturePatellofemoral.pdf,Microfracture — Patellofemoral
70b4ecc81dd8,microfracture,ucla-department-of-orthopaedic-surgery-arthroscopy-with-microfracture,active,2026-07-25,914676559ec7,2026-07-25,https://sa1s3.patientpop.com/assets/docs/307013.pdf,Arthroscopy with Microfracture
361e68ede943,microfracture,uw-health-sports-medicine-procedure-knee,active,2026-07-25,566a59f765b2,2026-07-25,https://bynder.uwhealth.org/m/6070057f91b13da5/original/Rehab-Guideline-Microfracture-Procedures-to-the-Knee.pdf,Microfracture Procedure - Knee
77b98d4a16d0,modified-brostrom-procedure,sanford-health-modified-brostrom-procedure-lateral,active,2026-07-25,f01ce9f2f2aa,2026-07-25,https://www.sanfordhealth.org/-/media/org/files/medical-professionals/resources-and-education/modified-brostrom-procedure-rehabilitation-guideline.pdf,Modified Brostrom Procedure (Lateral Ankle Reconstruction)
1b719a93e13d,mp-arthroplasty,orthopaedic-associates-of-maine,active,2026-07-25,be18d0c9cac5,2026-07-25,https://octanecdn.com/growthortho/growthortho_264068869.pdf,MP Arthroplasty
27d3e64efdd7,mp-arthroplasty,university-of-virginia-orthopaedic-mcp-joint-arthroplasty,active,2026-07-25,18b57130735a,2026-07-25,https://med.virginia.edu/orthopaedic-surgery/wp-content/uploads/sites/242/2024/09/MCP-joint-arthroplasty.pdf,MCP Joint Arthroplasty
a3025c138dbe,mp-arthroplasty,university-of-virginia-orthopaedic-mcp-joint-arthroplasty-with-edc,active,2026-07-25,6b5a7613e2b5,2026-07-25,https://med.virginia.edu/orthopaedic-surgery/wp-content/uploads/sites/242/2024/09/MCP-joint-arthroplasty-with-EDC-centralization.pdf,MCP Joint Arthroplasty with EDC Centralization
7877a67e865b,mp-arthroplasty,uw-health-mcp-arthroplasty-with-extensor-tendon,active,2026-07-25,a95e1c3bf61e,2026-07-25,https://bynder.uwhealth.org/m/1c8ad933f254175c/original/Rehab-Guideline-MPJ-Arthroplasty.pdf,MCP Arthroplasty with Extensor Tendon Repositioning/Reconstruction
f18993fee59c,mpfl-reconstruction,childrens-hospital-of-philadelphia-medial-patellofemoral-ligament,active,2026-07-25,f99a5fd59fe6,2026-07-25,https://www.chop.edu/sites/default/files/sports-medicine-patellofemoral-ligament-reconstruct.pdf,Medial Patellofemoral Ligament Reconstruction
b7b9b56af9e4,mpfl-reconstruction,dr-david-p-trofa-md-columbia-university,active,2026-07-25,fe6a0f7fd3b3,2026-07-25,https://www.davidtrofamd.com/pdf/mpfl-medial-patellofemoral-ligament-reconstruction.pdf,MPFL Reconstruction
3a6f3642c5b2,mpfl-reconstruction,lahey-hospital-and-medical-center-medial-patellofemoral-ligament-mpfl,active,2026-07-25,d0f619e823dc,2026-07-25,https://www.lahey.org/-/media/files/lhmc/orthopedics/knee/lhmc-mpfl-reconstruction-protocol.pdf,Medial Patellofemoral Ligament (MPFL) Reconstruction
d1ed18af0c25,mpfl-reconstruction,lahey-hospital-and-medical-center-with-tibial-tubercle-transfer,active,2026-07-25,52ae76709d82,2026-07-25,https://www.lahey.org/-/media/files/lhmc/orthopedics/knee/lhmc-mpfl-reconstruction-with-tibial-tubercle-transfer.pdf,MPFL Reconstruction with Tibial Tubercle Transfer
ff17a728b905,mpfl-reconstruction,mammoth-orthopedic-institute-sierra-medial-patellofemoral-ligament,active,2026-07-25,9eabb6fc337b,2026-07-25,https://www.mammothortho.com/pdf/medial-patellofemoral-ligament-reconstruction-gilmer.pdf,Medial Patellofemoral Ligament (MPFL) Reconstruction
de745cb102a6,mpfl-reconstruction,massachusetts-general-hospital-medial-patellofemoral-ligament-mpfl,active,2026-07-25,88a8777e34fb,2026-07-25,https://www.massgeneral.org/assets/MGH/pdf/orthopaedics/sports-medicine/physical-therapy/rehabilitation-protocol-for-MPFL.pdf,Medial Patellofemoral Ligament (MPFL) Reconstruction
6d395763b121,mpfl-reconstruction,massachusetts-general-hospital-pediatric,active,2026-07-25,c6cdcf91913b,2026-07-25,https://www.massgeneral.org/assets/MGH/pdf/orthopaedics/sports-medicine/physical-therapy/Pediatric-MPFL-protocol.pdf,MPFL Reconstruction — Pediatric
42dcdcae85ee,mpfl-reconstruction,mountain-orthopaedics,active,2026-07-25,bc98645d11fb,2026-07-25,https://s43932.pcdn.co/wp-content/uploads/sites/206/2025/04/MPFL-RECONSTRUCTION.pdf,MPFL Reconstruction
967878d40620,mpfl-reconstruction,nyu-langone-health,active,2026-07-25,278ca251bdb8,2026-07-25,https://www.orthopedicsurgerybrooklyn.com/wp-content/uploads/2025/01/MPFL-Reconstruction-Rehabilitation-Protocol.pdf,MPFL Reconstruction
e756c90fc4b9,mpfl-reconstruction,ohio-state-university-wexner-medical-medial-patellofemoral-ligament,active,2026-07-25,53643a228e34,2026-07-25,https://medicine.osu.edu/-/media/files/medicine/departments/sports-medicine/medical-professionals/knee-ankle-and-foot/medial-patellofemoral-ligament-reconstruction_2023.pdf?rev=a4628dcd2bfd4c04914f50966c392baf&hash=A87A80CC443180D7900F3872AA21AF15,Medial Patellofemoral Ligament Reconstruction
55958b8edf84,mpfl-reconstruction,orthopaedic-associates-of-maine,active,2026-07-25,27cd486edbb7,2026-07-25,https://octanecdn.com/growthortho/growthortho_427305158.pdf,MPFL Reconstruction
7151906199ed,mpfl-reconstruction,orthopedic-and-sports-medicine,active,2026-08-02,61cad39fe590,2026-08-02,https://osmsgb.s3.amazonaws.com/wp-content/uploads/2022/06/09104058/OSMSPT.MPFLRecon.pdf,MPFL Reconstruction
3d28adaef0e7,mpfl-reconstruction,parker-orthopedics-dallas-tx,active,2026-07-25,1b7460335ad9,2026-07-25,https://www.parkerorthopedics.com/pdfs/mpfl-reconstruction-updated.pdf,MPFL Reconstruction
626a083ee5f1,mpfl-reconstruction,sanford-health,active,2026-07-25,5673e23fc25b,2026-07-25,https://www.sanfordhealth.org/-/media/org/files/medical-professionals/resources-and-education/mpfl-reconstruction-rehabilitation-guideline.pdf,MPFL Reconstruction
cc8811e993f5,mpfl-reconstruction,sutter-health-palo-alto-medical,active,2026-07-25,9095c28d8883,2026-07-25,https://www.kevinrothmd.com/pdfs/mpfl-reconstruction-protocol-2024.pdf,MPFL Reconstruction
1266524c3483,mpfl-reconstruction,university-of-delaware-physical-therapy-with-proximal-realignment,active,2026-07-25,394e1b63d5ae,2026-07-25,https://bpb-us-w2.wpmucdn.com/sites.udel.edu/dist/c/3448/files/2016/01/Medial-Patellofemoral-Ligament-MPFL-Reconstruction-and-Proximal.pdf,MPFL Reconstruction with Proximal Realignment
01bfd12baa20,mpfl-reconstruction,university-of-new-mexico-unm-sports-with-or-without-tibial-tubercle,active,2026-07-25,fbd1f8fe3d49,2026-07-25,https://hsc.unm.edu/medicine/departments/ortho-rehab/orthopaedics/fellowships/sports/_id_docs/2025_sports_protocols/mpfl.pdf,MPFL Reconstruction (with or without Tibial Tubercle Osteotomy)
e89cc635e3eb,mpfl-reconstruction,university-of-virginia-orthopaedic,active,2026-07-25,e598fabbf781,2026-07-25,https://med.virginia.edu/orthopaedic-surgery/wp-content/uploads/sites/242/2024/12/MPFL-Reconstruction.pdf,MPFL Reconstruction
cf184f12eb14,mpfl-reconstruction,university-of-virginia-orthopaedic-tibial-tubercle-osteotomy,active,2026-07-25,4e803d8dddd9,2026-07-25,https://med.virginia.edu/orthopaedic-surgery/wp-content/uploads/sites/242/2024/12/MPFL-TTO-Trochleoplasty-1.pdf,MPFL Reconstruction / Tibial Tubercle Osteotomy / Trochleoplasty
50a89022b3c2,mpfl-reconstruction,uw-health-sports-medicine-mpfl-repair-and-reconstruction,active,2026-07-25,1839d8ef1d1e,2026-07-25,https://bynder.uwhealth.org/m/e3ea943ea984fc0e/original/Rehab-Guideline-Medial-Patellofemoral-Ligament-Repair-and-Reconstruction.pdf,MPFL Repair and Reconstruction
530976eafd9a,mpfl-reconstruction-repair,saint-louis-university-slucare,active,2026-07-25,35494eafff6f,2026-07-25,https://www.slu.edu/medicine/orthopaedic-surgery/sports-medicine/-pdf/mpfl.pdf,MPFL Reconstruction / Repair
b45c3448c3e4,multi-ligament-knee-reconstruction,nyu-langone-health-acl-and-pcl-reconstruction,active,2026-07-25,a93260c40fcf,2026-07-25,https://www.orthopedicsurgerybrooklyn.com/wp-content/uploads/2025/01/ACL-and-PCL-Rehabiltation-Protocol.pdf,ACL and PCL Reconstruction
cde623f8b365,multi-ligament-knee-reconstruction,nyu-langone-health-acl-and-plc-posterolateral-corner,active,2026-07-25,9511a571a1ea,2026-07-25,https://www.orthopedicsurgerybrooklyn.com/wp-content/uploads/2025/01/ACL-and-PLC-Rehabilitation-Protocol.pdf,ACL and PLC (Posterolateral Corner) Reconstruction
f60f720a55e5,multi-ligament-knee-reconstruction,saint-louis-university-slucare-acl-pcl-lcl-reconstruction,active,2026-07-25,33cc40834fca,2026-07-25,https://www.slu.edu/medicine/orthopaedic-surgery/sports-medicine/-pdf/knee-acl-pcl-lcl-reconstruction.pdf,ACL / PCL / LCL Reconstruction
182383197318,multi-ligament-knee-reconstruction,saint-louis-university-slucare-acl-pcl-mcl-lcl-reconstruction,active,2026-07-25,1e29cc6f068e,2026-07-25,https://www.slu.edu/medicine/orthopaedic-surgery/sports-medicine/-pdf/knee-acl-pcl-mcl-lcl-reconstruction.pdf,ACL / PCL / MCL / LCL Reconstruction
eec25ba647c8,multi-ligament-knee-reconstruction,saint-louis-university-slucare-acl-pcl-mcl-reconstruction,active,2026-07-25,1187c558a2b2,2026-07-25,https://www.slu.edu/medicine/orthopaedic-surgery/sports-medicine/-pdf/knee-acl-pcl-mcl-reconstruction.pdf,ACL / PCL / MCL Reconstruction
1d2c323cb468,multi-ligament-knee-reconstruction,sutter-health-palo-alto-medical-acl-plus-pcl-combined-reconstruction,active,2026-07-25,ee29498095a0,2026-07-25,https://www.kevinrothmd.com/pdfs/acl-pcl-combined-reconstruction.pdf,ACL + PCL Combined Reconstruction
9c506d8dd1f1,multi-ligament-knee-reconstruction,ucla-department-of-orthopaedic-surgery-acl-and-posterolateral-corner,active,2026-07-25,54785c4dede1,2026-07-25,https://sa1s3.patientpop.com/assets/docs/330540.pdf,ACL and Posterolateral Corner (PLC) Reconstruction
2155381f8ae4,multi-ligament-knee-reconstruction,ucla-department-of-orthopaedic-surgery-acl-mcl-reconstruction,active,2026-07-25,ea7a751c8e15,2026-07-25,https://sa1s3.patientpop.com/assets/docs/307004.pdf,ACL-MCL Reconstruction
3b219a5f7545,multi-ligament-knee-reconstruction,university-hospitals-acl-reconstruction-with-multi-ligament,active,2026-07-25,d6990bd2b85b,2026-07-25,https://www.uhhospitals.org/-/media/files/services/rehabilitation/anterior-cruciate-ligament-reconstruction-rehabilitation-guidelines.pdf,ACL Reconstruction with Multi-Ligament Reconstruction
f49a3a09f3eb,multi-ligament-knee-reconstruction,university-hospitals-acl-reconstruction-with-posterolateral,active,2026-07-25,6d2d8b9b6521,2026-07-25,https://www.uhhospitals.org/-/media/files/services/rehabilitation/anterior-cruciate-ligament-reconstruction-rehabilitation-guidelines.pdf,ACL Reconstruction with Posterolateral Corner (PLC) Repair
a68c18b2fe34,multi-ligament-knee-reconstruction,university-of-new-mexico-unm-sports-acl-and-pcl-with-collateral,active,2026-07-25,157c6728dad4,2026-07-25,https://hsc.unm.edu/medicine/departments/ortho-rehab/orthopaedics/fellowships/sports/_id_docs/2025_sports_protocols/acl-pcl-with-collateral-recon.pdf,ACL and PCL with Collateral Ligament Reconstruction
6fe204ce1900,multi-ligament-knee-reconstruction,university-of-new-mexico-unm-sports-acl-with-mcl-or-posterolateral,active,2026-07-25,9c56bbf2db87,2026-07-25,https://hsc.unm.edu/medicine/departments/ortho-rehab/orthopaedics/fellowships/sports/_id_docs/2025_sports_protocols/acl-with-collateral-reconstruction.pdf,ACL with MCL or Posterolateral Corner (PLC) Reconstruction
78eaa79acd3f,multi-ligament-knee-reconstruction,university-of-virginia-orthopaedic-knee-multi-ligament-reconstruction,active,2026-07-25,8b81572bad7f,2026-07-25,https://med.virginia.edu/orthopaedic-surgery/wp-content/uploads/sites/242/2024/12/Multi-ligament-Protocol.pdf,Knee Multi-Ligament Reconstruction/Repair (ACL/PCL +/- MCL/LCL/PLC)
24ce82516fe1,multi-ligament-knee-reconstruction,uw-health-sports-medicine-knee-multi-ligament-repair,active,2026-07-25,d1a2358d92ec,2026-07-25,https://bynder.uwhealth.org/m/08f315d450853639/original/Rehab-Guideline-Knee-Multi-Ligament-Repair-Reconstruction.pdf,Knee Multi-Ligament Repair/Reconstruction
cafdcc257e31,multi-procedure-knee-reconstruction,mammoth-orthopedic-institute-sierra-femoral-osteotomy-with-acl,active,2026-07-25,c802aa3bb025,2026-07-25,https://www.mammothortho.com/pdf/femoral-osteotomy-acl-reconstruction-oats-meniscus-transplant-microfracture-gilmer.pdf,Femoral Osteotomy with ACL Reconstruction (Peroneus Longus Allograft) + OATS + Lateral Meniscus Allograft Transplant + Microfracture
4e30f02b2737,non-operative-elbow-dislocation-rehabilitation,orthopedic-and-sports-medicine-elbow-dislocation-rehabilitation,active,2026-08-02,799425341c89,2026-08-02,https://osmsgb.s3.amazonaws.com/wp-content/uploads/2022/06/06110848/Non-Operative-Elbow-Dislocation-Rehabilitaion-Protocol-FINAL.pdf,Non-Operative Elbow Dislocation Rehabilitation
ae9aef549c02,non-operative-radial-head-fracture-rehabilitation,orthopedic-and-sports-medicine-radial-head-fracture-rehabilitation,active,2026-08-02,746d543cb8a8,2026-08-02,https://osmsgb.s3.amazonaws.com/wp-content/uploads/2022/06/06110929/Non-Operative-Radial-Head-Fracture-Physical-Therapy-Prescription.pdf,Non-Operative Radial Head Fracture Rehabilitation
0b7ff8851e12,non-operative-rotator-cuff,massachusetts-general-hospital-non-operative-massive-rotator-cuff-tear,active,2026-07-25,b6f842fe9302,2026-07-25,https://www.massgeneral.org/assets/MGH/pdf/orthopaedics/sports-medicine/physical-therapy/rehabilitation-protocol-for-non-operative-massive-rotator-cuff-tear.pdf,Non-Operative Massive Rotator Cuff Tear
940b8a2b3270,oats-procedure,iortho,active,2026-07-25,d6d998511538,2026-07-25,https://iorthomd.com/wp-content/uploads/2024/06/Rehabilitation-Protocol-for-Osteochondral-Autograft-Allograft-Transfer-System-OATS-Procedure.pdf,OATS Procedure
605e3c35ff16,oats-procedure,lahey-hospital-and-medical-center-microfracture-and-osteochondral,active,2026-07-25,68c2ea982bad,2026-07-25,https://www.lahey.org/-/media/files/lhmc/orthopedics/knee/lhmc-microfracture-oats.pdf,Microfracture and Osteochondral Autograft Transplantation (OATS)
7264e1e3924e,oats-procedure,mammoth-orthopedic-institute-sierra-oats-transplant-of-femoral-condyle,active,2026-07-25,b8d274c7841a,2026-07-25,https://www.mammothortho.com/pdf/oats-procedure-gilmer.pdf,OATS Transplant of Femoral Condyle (Allograft)
279e04f3b471,oats-procedure,uw-health-sports-medicine-osteochondral-allograft-autograft,active,2026-07-25,914e8426c585,2026-07-25,https://bynder.uwhealth.org/m/1daf2508dca00df5/original/Rehab-Guideline-Osteochondral-Allograft-or-Autograft-Transplantation.pdf,Osteochondral Allograft/Autograft Transplantation (OATS)
0d1cc389394a,ocd-repair-osteochondral-transfer,saint-louis-university-slucare-ocd-repair-osteochondral-transfer-oats,active,2026-07-25,8f969c25d0c8,2026-07-25,https://www.slu.edu/medicine/orthopaedic-surgery/sports-medicine/-pdf/knee-ocd-repair-and-oats.pdf,OCD Repair / Osteochondral Transfer (OATS)
c62e32ec8693,opponesplasty,uw-health-conservative,active,2026-07-25,de2110f44b04,2026-07-25,https://bynder.uwhealth.org/m/5abcf41a0d015a3c/original/Opponesplasty.pdf,Opponesplasty — Conservative
c4707680ed82,opponesplasty,uw-health-early-active-motion,active,2026-07-25,b99208e855c4,2026-07-25,https://bynder.uwhealth.org/m/5abcf41a0d015a3c/original/Opponesplasty.pdf,Opponesplasty — Early Active Motion
c377699a68f8,orthobiological-repair-of-osteochondral-defect,sanford-health-orthobiological-repair-of-osteochondral,active,2026-07-25,185b1876fdbe,2026-07-25,https://www.sanfordhealth.org/-/media/org/files/medical-professionals/resources-and-education/014000-01097-booklet-pt-guideline-orthobiological-repair.pdf,Orthobiological Repair of Osteochondral Defect (Microfracture / OATS / ACI)
ed247414a941,osgood-schlatter-disease,massachusetts-general-hospital-osgood-schlatter-disease-pediatric,active,2026-07-25,8c38d4ed42e5,2026-07-25,https://www.massgeneral.org/assets/MGH/pdf/orthopaedics/sports-medicine/physical-therapy/Pediatric-Rehabilitation-Protocol-for-Osgood-Schlatter-Disease.pdf,Osgood-Schlatter Disease — Pediatric
ddf5b50867a2,osteochondritis-dissecans,uw-health-sports-medicine-ocd-non-operative-management-knee,active,2026-07-25,2e9144b64c3c,2026-07-25,https://bynder.uwhealth.org/m/b6a02046b1e9bf41/original/Rehab-Guideline-Osteochondritis-Dissecans-Non-operative-Care-Knee.pdf,Osteochondritis Dissecans (OCD) — Non-Operative Management (Knee)
a1b7ddaa3679,osteochondritis-dissecans,uw-health-sports-medicine-ocd-surgical-fixation-knee,active,2026-07-25,2efd3cb3a492,2026-07-25,https://bynder.uwhealth.org/m/624137dd7ea118d4/original/Rehabilitation-Guideline-Osteochondritis-Dissecans-operative-care-knee.pdf,Osteochondritis Dissecans (OCD) — Surgical Fixation (Knee)
e3b3449b9254,osteotomy,childrens-colorado-center-for-gait-and-distal-femoral-extension,active,2026-07-25,2b4f041e50d5,2026-07-25,https://www.childrenscolorado.org/globalassets/departments/orthopedics/pt-protocols.pdf#page=28,Distal Femoral Extension Osteotomy
c9b2c84ba49d,osteotomy,childrens-colorado-center-for-gait-and-distal-femoral-rotational,active,2026-07-25,a6441d63836b,2026-07-25,https://www.childrenscolorado.org/globalassets/departments/orthopedics/pt-protocols.pdf#page=19,Distal Femoral Rotational Osteotomy
d363db15ad1b,osteotomy,massachusetts-general-hospital-high-tibial-osteotomy,active,2026-07-25,3e065918b2a0,2026-07-25,https://www.massgeneral.org/assets/MGH/pdf/orthopaedics/sports-medicine/physical-therapy/rehabilitation-protocol-for-high-tibial-osteotomy.pdf,High Tibial Osteotomy
ad4acd02569f,osteotomy,nyu-langone-health-distal-femoral-osteotomy-dfo,active,2026-07-25,021cdbde6488,2026-07-25,https://www.orthopedicsurgerybrooklyn.com/wp-content/uploads/2024/07/Distal-Femoral-Osteotomy-Rehabilitation-Protocol-1.pdf,Distal Femoral Osteotomy (DFO)
b451eb83ed98,osteotomy,orthopedic-and-sports-medicine-distal-femoral-osteotomy-dfo,active,2026-08-02,936020ce20f5,2026-08-02,https://osmsgb.s3.amazonaws.com/wp-content/uploads/2022/06/09103727/OSMSPT.DistalFemoralOsteotomy.pdf,Distal Femoral Osteotomy (DFO)
59c2bd68928e,osteotomy,ucla-department-of-orthopaedic-surgery-high-tibial-osteotomy-hto,active,2026-07-25,5e949ef53351,2026-07-25,https://sa1s3.patientpop.com/assets/docs/334756.pdf,High Tibial Osteotomy (HTO) / Femoral Osteotomy
da5ff4375a20,osteotomy,university-of-virginia-orthopaedic-high-tibial-osteotomy-distal,active,2026-07-25,470aff119bbe,2026-07-25,https://med.virginia.edu/orthopaedic-surgery/wp-content/uploads/sites/242/2024/12/HTO-DFO-Protocol-1.pdf,High Tibial Osteotomy / Distal Femoral Osteotomy (HTO/DFO)
fb177baa95b5,osteotomy,university-orthopedics-brown-university-high-tibial-osteotomy,active,2026-07-25,c94b8dbe7e7c,2026-07-25,https://universityorthopedics.com/assets/knee/HIGH-TIBIAL-OSTEOTOMY.pdf,High Tibial Osteotomy
de2b7cc35d07,other-procedures,university-orthopedics-brown-university-fasciotomy-for-chronic,active,2026-07-25,88cbb4ade46d,2026-07-25,https://universityorthopedics.com/assets/fasciotomy.pdf,Fasciotomy for Chronic Compartment Syndrome
f088d108eab7,partial-knee-arthroplasty,university-of-virginia-orthopaedic-misha-partial-knee-arthroplasty,active,2026-07-25,2ded9d9ae54b,2026-07-25,https://med.virginia.edu/orthopaedic-surgery/wp-content/uploads/sites/242/2024/12/MISHA1.pdf,MISHA (Partial Knee Arthroplasty)
d7c80ae31277,partial-meniscectomy-chondroplasty,sanford-health,active,2026-07-25,9d655d4fa24e,2026-07-25,https://www.sanfordhealth.org/-/media/org/files/medical-professionals/resources-and-education/meniscectomy-chondroplasty-rehab-guideline.pdf,Partial Meniscectomy / Chondroplasty
293555b0d998,patellar-dislocation,sanford-health-patellar-dislocation-non-operative,active,2026-07-25,7c8d5b44f36a,2026-07-25,https://www.sanfordhealth.org/-/media/org/files/medical-professionals/resources-and-education/non-operative-patellar-dislocation.pdf,Patellar Dislocation (Non-Operative)
6d766c05880c,patellar-fracture-orif,mammoth-orthopedic-institute-sierra,active,2026-07-25,0fdd13bf42ec,2026-07-25,https://www.mammothortho.com/pdf/patellar-fracture-orif-gilmer.pdf,Patellar Fracture ORIF
ea45301cfe79,patellar-or-quadriceps-tendon-repair,sanford-health,active,2026-07-25,863dd58fe3f3,2026-07-25,https://www.sanfordhealth.org/-/media/org/files/medical-services/rehab-and-therapy/rehab-guideline-patellar-quad-tendon-8_5x11.pdf,Patellar or Quadriceps Tendon Repair
c85470713c2c,patellar-realignment,childrens-colorado-center-for-gait-and-patella-advancement,active,2026-07-25,4fa88e911e79,2026-07-25,https://www.childrenscolorado.org/globalassets/departments/orthopedics/pt-protocols.pdf#page=30,Patella Advancement
f8e9a82448c7,patellar-realignment,childrens-colorado-center-for-gait-and-patella-advancement-with,active,2026-07-25,aaab4dc47eab,2026-07-25,https://www.childrenscolorado.org/globalassets/departments/orthopedics/pt-protocols.pdf#page=34,Patella Advancement with Distal Femoral Extension Osteotomy
410af61a0ee8,patellar-realignment,mountain-orthopaedics-distal-patellar-realignment-fulkerson,active,2026-07-25,bc8f09d68a6d,2026-07-25,https://s43932.pcdn.co/wp-content/uploads/sites/206/2024/12/DISTAL-PATELLAR-REALIGNMENT.pdf,Distal Patellar Realignment (Fulkerson / Elmslie-Trillat)
cb3eee66a9ce,patellar-realignment,ucla-department-of-orthopaedic-surgery-mpfl-reconstruction-and-tibial,active,2026-07-25,63c9a9ce5a13,2026-07-25,https://sa1s3.patientpop.com/assets/docs/307016.pdf,Patellar Realignment — MPFL Reconstruction and Tibial Tubercle Osteotomy
bd9bbcc66fe2,patellar-realignment,university-of-delaware-physical-therapy-proximal-distal-realignment,active,2026-07-25,c76d551b50fe,2026-07-25,https://bpb-us-w2.wpmucdn.com/sites.udel.edu/dist/c/3448/files/2016/01/Proximal-Distal-Realignment-Surgery.pdf,Proximal-Distal Realignment
2281f0585572,patellar-realignment,university-of-delaware-physical-therapy-proximal-realignment,active,2026-07-25,d841b9ee8f49,2026-07-25,https://bpb-us-w2.wpmucdn.com/sites.udel.edu/dist/c/3448/files/2016/01/Proximal-Realignment-Surgery.pdf,Proximal Realignment
e8aa77ccaf73,patellar-realignment,uw-health-sports-medicine-tibial-tubercle-osteotomy,active,2026-07-25,ec2f0137e8f2,2026-07-25,https://bynder.uwhealth.org/m/34490a6ea6f24fd4/original/Rehab-Guideline-Patellar-Realignment.pdf,Patellar Realignment (Tibial Tubercle Osteotomy)
0b5491f9b5f6,patellar-tendinopathy,university-of-delaware-physical-therapy-patellar-tendinopathy-non,active,2026-07-25,311482c36bc9,2026-07-25,https://bpb-us-w2.wpmucdn.com/sites.udel.edu/dist/c/3448/files/2016/01/Patellar-Tendinopathy.pdf,Patellar Tendinopathy (Non-Operative)
846c05829a8f,patellar-tendon-debridement,saint-louis-university-slucare,active,2026-07-25,5a394bcaaa5a,2026-07-25,https://www.slu.edu/medicine/orthopaedic-surgery/sports-medicine/-pdf/rehab-patellar-tendon-debridement.pdf,Patellar Tendon Debridement
61c485e264ca,patellar-tendon-repair,orthopaedic-associates-of-maine-with-medial-and-lateral-retinaculum,active,2026-07-25,2e45cbf0dfb1,2026-07-25,https://octanecdn.com/growthortho/growthortho_413455439.pdf,with Medial and Lateral Retinaculum Repair
9a8c4d5152e7,patellar-tendon-repair,sam-health,active,2026-07-25,3c01a6d2ee8e,2026-07-25,https://samhealth.org/wp-content/uploads/Rehabilitation-Guidelines-for-Patellar-Tendon-Repair-338.pdf,Patellar Tendon Repair
2acf533ee715,patellar-tendon-repair,university-of-colorado-anschutz-cu,active,2026-07-25,8dab0254bdce,2026-07-25,https://medschool.cuanschutz.edu/docs/librariesprovider65/eric-mccarty/rehab-protocols/patella-tendon-repair-protocol--rev-8-2023.pdf?sfvrsn=709b3fbb_2,Patellar Tendon Repair
3dd8c895fd62,patellofemoral-microfracture,saint-louis-university-slucare,active,2026-07-25,ccdd59f0d483,2026-07-25,https://www.slu.edu/medicine/orthopaedic-surgery/sports-medicine/-pdf/knee-patellofemoral-microfracture.pdf,Patellofemoral Microfracture
402b7f0b38f1,patellofemoral-pain-syndrome,iortho,active,2026-07-25,8740f085f723,2026-07-25,https://iorthomd.com/wp-content/uploads/2024/06/Rehabilitation-Protocol-for-Patellofemoral-Pain-Syndrome.pdf,Patellofemoral Pain Syndrome
4626a74d192d,patellofemoral-pain-syndrome,massachusetts-general-hospital,active,2026-07-25,6d15be471dae,2026-07-25,https://www.massgeneral.org/assets/MGH/pdf/orthopaedics/sports-medicine/physical-therapy/rehabilitation-protocol-for-patellofemoral-pain-syndrome.pdf,Patellofemoral Pain Syndrome
98ae73bc98f2,patellofemoral-pain-syndrome,massachusetts-general-hospital-patellofemoral-pain-syndrome-pediatric,active,2026-07-25,85d2a89cdc99,2026-07-25,https://www.massgeneral.org/assets/MGH/pdf/orthopaedics/sports-medicine/physical-therapy/Pediatric-Rehabilitation-for-Patellofemoral-Pain-Syndrome.pdf,Patellofemoral Pain Syndrome — Pediatric
732d37168824,patellofemoral-syndrome,sanford-health-patellofemoral-syndrome-non-operative,active,2026-07-25,d9550ef88aa5,2026-07-25,https://www.sanfordhealth.org/-/media/org/files/medical-professionals/resources-and-education/non-operative-patellar-dislocation-rehab-guideline.pdf,Patellofemoral Syndrome (Non-Operative)
b1821d10fd07,pcl-reconstruction,mammoth-orthopedic-institute-sierra,active,2026-07-25,db3409063cf8,2026-07-25,https://www.mammothortho.com/pdf/pcl-reconstruction-gilmer.pdf,PCL Reconstruction
33a2386be4ff,pcl-reconstruction,massachusetts-general-hospital,active,2026-07-25,8e183289f12f,2026-07-25,https://www.massgeneral.org/assets/MGH/pdf/orthopaedics/sports-medicine/physical-therapy/rehabilitation-protocol-for-posterior-cruciate-ligament-PCLR.pdf,PCL Reconstruction
3408161337b3,pcl-reconstruction,mountain-orthopaedics,active,2026-07-25,1df075eab340,2026-07-25,https://s43932.pcdn.co/wp-content/uploads/sites/206/2024/12/POSTERIOR-CRUCIATE-LIGAMENT-RECONSTRUCTION-.pdf,PCL Reconstruction
437f3ce192cf,pcl-reconstruction,orthopaedic-associates-of-maine,active,2026-07-25,f64bd476f0ab,2026-07-25,https://octanecdn.com/growthortho/growthortho_137435827.pdf,PCL Reconstruction
3d22614b93e8,pcl-reconstruction,saint-louis-university-slucare,active,2026-07-25,8a473caaf40c,2026-07-25,https://www.slu.edu/medicine/orthopaedic-surgery/sports-medicine/-pdf/knee-acl-pcl-reconstruction.pdf,PCL Reconstruction
42dae2ad5e28,pcl-reconstruction,sanford-health,active,2026-07-25,cb5298a5b50e,2026-07-25,https://www.sanfordhealth.org/-/media/org/files/medical-professionals/resources-and-education/pcl-reconstruction.pdf,PCL Reconstruction
11cb9b93d173,pcl-reconstruction,sutter-health-palo-alto-medical,active,2026-07-25,9755346ac916,2026-07-25,https://www.kevinrothmd.com/pdfs/pcl-reconstruction-protocol-2024.pdf,PCL Reconstruction
440d896d8d7d,pcl-reconstruction,ucla-department-of-orthopaedic-surgery-pcl-acl-combined-reconstruction,active,2026-07-25,2d40d96a40b6,2026-07-25,https://sa1s3.patientpop.com/assets/docs/307022.pdf,PCL Reconstruction / PCL-ACL Combined Reconstruction
ca4282849c26,pcl-reconstruction,university-of-delaware-physical-therapy,active,2026-07-25,90546576110d,2026-07-25,https://bpb-us-w2.wpmucdn.com/sites.udel.edu/dist/c/3448/files/2021/06/PCL-Reconstruction-NEW-updated-2021.pdf,PCL Reconstruction
6bdfbda5ec52,pcl-reconstruction,university-of-new-mexico-unm-sports,active,2026-07-25,7e282034a6ff,2026-07-25,https://hsc.unm.edu/medicine/departments/ortho-rehab/orthopaedics/fellowships/sports/_id_docs/2025_sports_protocols/pcl.pdf,PCL Reconstruction
1610a6558dca,pcl-reconstruction,university-of-virginia-orthopaedic-pcl-and-or-posterolateral-corner,active,2026-07-25,45e9d8097b04,2026-07-25,https://med.virginia.edu/orthopaedic-surgery/wp-content/uploads/sites/242/2024/12/PCL.-PLC-protocol.pdf,PCL and/or Posterolateral Corner (PLC) Reconstruction/Repair
013dde5f9ded,pcl-reconstruction,uw-health-sports-medicine-posterior-cruciate-ligament-pcl,active,2026-07-25,f20ed9c17966,2026-07-25,https://bynder.uwhealth.org/m/599f0ac8a2f4a4ee/original/Rehab-Guideline-Posterior-Cruciate-Ligament-Reconstruction.pdf,Posterior Cruciate Ligament (PCL) Reconstruction
7d4819d82f35,pcl-sprain,sanford-health-pcl-sprain-non-operative,active,2026-07-25,0c27c8f1661b,2026-07-25,https://www.sanfordhealth.org/-/media/org/files/medical-professionals/resources-and-education/3-pcl-nonoperative-rehabilitation-guideline.pdf,PCL Sprain (Non-Operative)
a3e17e959711,pcl-sprain,sutter-health-palo-alto-medical-pcl-sprain-non-operative,active,2026-07-25,7b614a9fdb66,2026-07-25,https://www.kevinrothmd.com/pdfs/pcl-nonoperative-protocol-2024.pdf,PCL Sprain — Non-Operative Rehabilitation
a816ac1a9670,pectoralis-major-repair,dr-michael-c-fu-md-hospital-for-special-pectoralis-major-tendon-repair,active,2026-07-25,d2f208e26b57,2026-07-25,https://static1.squarespace.com/static/5f4aeeb4071f03320cf2138a/t/5fe2a1844d470e4459d39782/1608688004815/Pec+Repair.pdf,Pectoralis Major Tendon Repair
7f0661223c62,pectoralis-major-repair,iortho,active,2026-07-25,855d8cdfe509,2026-07-25,https://iorthomd.com/wp-content/uploads/2024/09/Post-Operative-Rehabilitation-Plan-for-Pectoralis-Major-Repair.pdf,Pectoralis Major Repair
a11da1b5f8eb,pectoralis-major-repair,massachusetts-general-hospital,active,2026-07-25,e6076a86a793,2026-07-25,https://www.massgeneral.org/assets/MGH/pdf/orthopaedics/sports-medicine/physical-therapy/rehabilitation-protocol-for-pectoralis-major-repair.pdf,Pectoralis Major Repair
2bf03c5cc23e,pectoralis-major-repair,nyu-langone-health-pectoralis-major-tendon-repair-post,active,2026-07-25,ec2f95fc7930,2026-07-25,https://www.orthopedicsurgerybrooklyn.com/wp-content/uploads/2024/07/Pec-Major-Repair-Rehabilitation-Protocol-1.pdf,Pectoralis Major Tendon Repair (Post-Operative)
3cc4dcad6ce9,pectoralis-major-repair,orthopaedic-associates-of-maine,active,2026-07-25,3210a2d314e3,2026-07-25,https://octanecdn.com/growthortho/growthortho_610970481.pdf,Pectoralis Major Repair
07871d783021,pectoralis-major-repair,sanford-health,active,2026-07-25,4e0ada2fd90b,2026-07-25,https://www.sanfordhealth.org/-/media/org/files/medical-professionals/resources-and-education/pectoralis-major-guideline.pdf,Pectoralis Major Repair
dd0b8ee19b02,pectoralis-major-repair,sutter-health-palo-alto-medical-pectoralis-major-tendon-repair,active,2026-07-25,b84cda0f4d91,2026-07-25,https://www.kevinrothmd.com/pdfs/pec-major-tendon-repair-protocol-2024.pdf,Pectoralis Major Tendon Repair
831e6917de25,pectoralis-major-repair,ucla-department-of-orthopaedic-surgery,active,2026-07-25,3b16f85453bb,2026-07-25,https://sa1s3.patientpop.com/assets/docs/307039.pdf,Pectoralis Major Repair
adad747acd19,pectoralis-major-repair,university-of-new-mexico-unm-sports-pectoralis-major-tendon-repair-or,active,2026-07-25,c94e08d8fd0e,2026-07-25,https://hsc.unm.edu/medicine/departments/ortho-rehab/orthopaedics/fellowships/sports/_id_docs/2025_sports_protocols/pec-repair-or-transfer.pdf,Pectoralis Major Tendon Repair or Transfer
a411a53c63d4,pectoralis-major-repair,university-of-virginia-orthopaedic-pectoralis-major-tendon-repair,active,2026-07-25,70af091afd85,2026-07-25,https://med.virginia.edu/orthopaedic-surgery/wp-content/uploads/sites/242/2024/12/Pec-Tendon-Repair-1.pdf,Pectoralis Major Tendon Repair
ba9709a39e95,pectoralis-major-repair,uw-health-sports-medicine-pectoralis-major-pec-muscle-repair,active,2026-07-25,8cbb515678e8,2026-07-25,https://bynder.uwhealth.org/m/988de4990d97831a/original/Rehab-Guideline-Pec-Muscle-Repair.pdf,Pectoralis Major (Pec) Muscle Repair
c76d0b516e01,periacetabular-osteotomy,childrens-colorado-center-for-gait-and-chiari-pelvic-osteotomy,active,2026-07-25,cb5f6815dccd,2026-07-25,https://www.childrenscolorado.org/globalassets/departments/orthopedics/pt-protocols.pdf#page=16,Chiari Pelvic Osteotomy (Pediatric Neurological Impairment)
d6280e3bee9f,periacetabular-osteotomy,childrens-colorado-center-for-gait-and-san-diego-degas-pelvic,active,2026-07-25,4b29a404adde,2026-07-25,https://www.childrenscolorado.org/globalassets/departments/orthopedics/pt-protocols.pdf#page=17,San Diego/Degas Pelvic Osteotomy (Pediatric Neurological Impairment)
9d179db7bc67,periacetabular-osteotomy,uw-health-sports-medicine-pao,active,2026-07-25,ace3f367e188,2026-07-25,https://bynder.uwhealth.org/m/f0914c067052f435/original/Rehab-Guideline-Periacetabular-Osteotomy-PAO-of-the-Hip.pdf,Periacetabular Osteotomy (PAO)
931c85d4b9e5,peroneal-tendon-repair,iortho,active,2026-07-25,b305c591ea4e,2026-07-25,https://iorthomd.com/wp-content/uploads/2024/09/Rehabilitation-Protocol-for-Peroneal-Tendon-Repair.pdf,Peroneal Tendon Repair
ad2b797e573a,peroneal-tendon-repair,mammoth-orthopedic-institute-sierra,active,2026-07-25,210a877621e2,2026-07-25,https://www.mammothortho.com/pdf/ankle-peroneal-tendon-repair.pdf,Peroneal Tendon Repair
0a0ac4092250,peroneal-tendon-repair,massachusetts-general-hospital,active,2026-07-25,def639d83726,2026-07-25,https://www.massgeneral.org/assets/MGH/pdf/orthopaedics/sports-medicine/physical-therapy/rehabilitation-protocol-for-peroneal-repair.pdf,Peroneal Tendon Repair
5b0355a6cb93,peroneal-tendon-repair,orthopaedic-associates-of-maine,active,2026-07-25,690e70777162,2026-07-25,https://octanecdn.com/growthortho/growthortho_883689130.pdf,Peroneal Tendon Repair
5eb0e2a90d86,phenol-injection-lower-extremity,childrens-colorado-center-for-gait-and,active,2026-07-25,503a21fef8f4,2026-07-25,https://www.childrenscolorado.org/globalassets/departments/orthopedics/pt-protocols.pdf#page=25,Phenol Injection - Lower Extremity
fe0e1a1a19ff,pip-arthroplasty,university-of-virginia-orthopaedic-pip-joint-arthroplasty,active,2026-07-25,ad074d1b6b09,2026-07-25,https://med.virginia.edu/orthopaedic-surgery/wp-content/uploads/sites/242/2024/09/PIP-joint-arthroplasty.pdf,PIP Joint Arthroplasty
46ba6335cfc0,platelet-rich-plasma,uw-health-sports-medicine-prp-rehabilitation,active,2026-07-25,0fccca986e50,2026-07-25,https://bynder.uwhealth.org/m/c4e4d9f13121982f/original/Rehab-Guideline-Platelet-rich-Plasma-Rehabilitation.pdf,Platelet-Rich Plasma (PRP) Rehabilitation
a77b2e2380f5,posterior-bankart-repair,sanford-health-posterior-bankart-repair-arthroscopic,active,2026-07-25,f1fc8d495199,2026-07-25,https://www.sanfordhealth.org/-/media/org/files/medical-professionals/resources-and-education/posterior-bankart-repair-guideline.pdf,Posterior Bankart Repair (Arthroscopic)
6e09a2dcee2b,posterior-shoulder-instability-repair,orthopaedic-associates-of-maine,active,2026-07-25,3abe67d304d2,2026-07-25,https://octanecdn.com/growthortho/growthortho_304458231.pdf,Posterior Shoulder Instability Repair
4d082e62a6f2,posterior-shoulder-instability-repair,somos-society-of-military-orthopaedic-posterior-shoulder-stabilization,active,2026-07-25,4dd771ba3b7d,2026-07-25,https://www.somos.org/assets/RehabilitationGuidelines/Shoulder%20Instability%20Rehabilitation%20%28MAY%202020%29%20-%20Final.pdf,Posterior Shoulder Stabilization
fd38b3014e9b,posterior-shoulder-instability-repair,sutter-health-palo-alto-medical-posterior-shoulder-stabilization,active,2026-07-25,79b6bd788c04,2026-07-25,https://www.kevinrothmd.com/pdfs/posterior-stabilization-protocol.pdf,Posterior Shoulder Stabilization
61e91d649237,posterior-shoulder-instability-repair,university-of-delaware-physical-therapy-posterior-capsular,active,2026-07-25,1c6d2c6e47ab,2026-07-25,https://bpb-us-w2.wpmucdn.com/sites.udel.edu/dist/c/3448/files/2016/01/Posterior-Capsular-Stabilization.pdf,Posterior Capsular Stabilization
11228bb87844,posterior-shoulder-instability-repair,uw-health-sports-medicine-posterior-shoulder-reconstruction-with,active,2026-07-25,82c7296e8f35,2026-07-25,https://bynder.uwhealth.org/m/dc79de5244d4995c/original/Rehab-Guideline-Posterior-Shoulder-Reconstruction.pdf,Posterior Shoulder Reconstruction with or without Labral Repair
3998a5d515e1,posterior-tibial-tendinopathy,sanford-health,active,2026-07-25,c367844ab674,2026-07-25,https://www.sanfordhealth.org/-/media/org/files/medical-professionals/resources-and-education/post-tib-tendinopathy.pdf,Posterior Tibial Tendinopathy
a6dbdc90e320,posterior-tibial-tendon-reconstruction,mountain-orthopaedics,active,2026-07-25,17bd444f55cf,2026-07-25,https://s43932.pcdn.co/wp-content/uploads/sites/206/2024/12/Posterior-Tibial-Tendon-Reconstruction.pdf,Posterior Tibial Tendon Reconstruction
d18123ffa20f,posterior-tibial-tendon-repair,mammoth-orthopedic-institute-sierra-fdl-tendon-transfer-with-calcaneal,active,2026-07-25,426156bd2a3c,2026-07-25,https://www.mammothortho.com/pdf/ankle-posterior-tibial-tendon-repair.pdf,FDL Tendon Transfer with Calcaneal Osteotomy (PTT Repair)
14e1293dde4d,posterolateral-corner-plc-reconstruction,mammoth-orthopedic-institute-sierra,active,2026-07-25,e19161e9c953,2026-07-25,https://www.mammothortho.com/pdf/plc-recontruction-protocol.pdf,Posterolateral Corner (PLC) Reconstruction
813a9d1db48b,posterolateral-corner-plc-reconstruction,ucla-department-of-orthopaedic-surgery,active,2026-07-25,b5c0ea277677,2026-07-25,https://sa1s3.patientpop.com/assets/docs/331752.pdf,Posterolateral Corner (PLC) Reconstruction
7372e62d048f,posterolateral-corner-reconstruction,mountain-orthopaedics,active,2026-07-25,dfc3a6fa95b6,2026-07-25,https://s43932.pcdn.co/wp-content/uploads/sites/206/2024/12/Posterolateral-Corner-Reconstruction.pdf,Posterolateral Corner Reconstruction
c2c66f67f94a,posterolateral-corner-reconstruction,sanford-health-posterolateral-corner-plc-reconstruction,active,2026-07-25,70286b233363,2026-07-25,https://www.sanfordhealth.org/-/media/org/files/medical-professionals/resources-and-education/plc-rehabilitation-guideline.pdf,Posterolateral Corner (PLC) Reconstruction
5e49b005134d,postural-back-pain,massachusetts-general-hospital-postural-back-pain-conservative,active,2026-07-25,69d67dfe2ab4,2026-07-25,https://www.massgeneral.org/assets/MGH/pdf/orthopaedics/sports-medicine/physical-therapy/pediatric-Conservative-Management-of-Postural-Back-Pain-in-the-Youth-Athlete.pdf,Postural Back Pain — Conservative Management (Youth Athlete)
a198dccf7a77,proximal-hamstring-repair,iortho,active,2026-07-25,3230b5f6e960,2026-07-25,https://iorthomd.com/wp-content/uploads/2024/09/Rehabilitation-Protocol-for-Proximal-Hamstring-Repair.pdf,Proximal Hamstring Repair
35521d96066f,proximal-hamstring-repair,mammoth-orthopedic-institute-sierra-proximal-hamstring-tendon-repair,active,2026-07-25,f028808bfa1c,2026-07-25,https://www.mammothortho.com/pdf/hip-proximal-hamstring-tendon-repair.pdf,Proximal Hamstring Tendon Repair
d59c99719a54,proximal-hamstring-repair,massachusetts-general-hospital-proximal-hamstring-tendon-repair,active,2026-07-25,bc19736553f6,2026-07-25,https://www.massgeneral.org/assets/MGH/pdf/orthopaedics/sports-medicine/physical-therapy/rehabilitation-protocol-for-proximal-hamstring-tendon.pdf,Proximal Hamstring Tendon Repair
cdfc31ebb678,proximal-hamstring-repair,nyu-langone-health-open-or-endoscopic,active,2026-07-25,cfa24b4e1f56,2026-07-25,https://www.orthopedicsurgerybrooklyn.com/wp-content/uploads/2025/01/Hamstring-Repair-Open-or-Endoscopic-Rehabilitation-Protocol.pdf,Proximal Hamstring Repair (Open or Endoscopic)
c5487841b8f4,proximal-hamstring-repair,orthopaedic-associates-of-maine,active,2026-07-25,8776bb6ccd3f,2026-07-25,https://octanecdn.com/growthortho/growthortho_657148984.pdf,Proximal Hamstring Repair
435364567ec8,proximal-hamstring-repair,orthopedic-and-sports-medicine,active,2026-08-02,6b477710b796,2026-08-02,https://osmsgb.s3.amazonaws.com/wp-content/uploads/2021/09/06115323/OSMSPT.ProximalHamstringRepair.pdf,Proximal Hamstring Repair
fb670258596c,proximal-hamstring-repair,orthopedic-and-sports-medicine-endoscopic-proximal-hamstring-repair,active,2026-08-02,39592cc3a5d2,2026-08-02,https://osmsgb.s3.amazonaws.com/wp-content/uploads/2022/06/06112532/Hip-Scope-Hamstring-Repair-PT.pdf,Endoscopic Proximal Hamstring Repair
a45abd94e199,proximal-hamstring-repair,sanford-health-proximal-hamstring-reattachment,active,2026-07-25,307e1fe5d4a2,2026-07-25,https://www.sanfordhealth.org/-/media/org/files/medical-professionals/resources-and-education/proximal-hamstring-reattachment-rehabilitation-guideline.pdf,Proximal Hamstring Reattachment
4e6a0f4a302a,proximal-hamstring-repair,sutter-health-palo-alto-medical,active,2026-07-25,246f7f7dfffe,2026-07-25,https://www.kevinrothmd.com/pdfs/rehab-program-hamstring-repair.pdf,Proximal Hamstring Repair
207c80ae1f25,proximal-hamstring-repair,university-of-new-mexico-unm-sports-hamstring-tendon-repair,active,2026-07-25,1f0148544765,2026-07-25,https://hsc.unm.edu/medicine/departments/ortho-rehab/orthopaedics/fellowships/sports/_id_docs/2025_sports_protocols/hamstring.pdf,Hamstring Tendon Repair
e88f602f49e4,proximal-hamstring-repair,university-of-virginia-orthopaedic,active,2026-07-25,5d3b1937827a,2026-07-25,https://med.virginia.edu/orthopaedic-surgery/wp-content/uploads/sites/242/2024/12/Proximal-hamstring.pdf,Proximal Hamstring Repair
7bc6df627a00,proximal-hamstring-repair,uw-health-sports-medicine-proximal-hamstring-primary-repair,active,2026-07-25,eaaea4b34a67,2026-07-25,https://bynder.uwhealth.org/m/31342323a9514ade/original/Rehab-Guideline-Proximal-Hamstring-Primary-Repair.pdf,Proximal Hamstring Primary Repair (Avulsion)
e8f664317dc2,proximal-humeral-apophysitis,massachusetts-general-hospital-proximal-humeral-apophysitis-little,active,2026-07-25,52b1c6e3d5d0,2026-07-25,https://www.massgeneral.org/assets/MGH/pdf/orthopaedics/sports-medicine/physical-therapy/pediatric-Little-leage-shoulder-protocol.pdf,Proximal Humeral Apophysitis (Little League Shoulder) — Pediatric
47e393efe450,proximal-humerus,saint-louis-university-slucare-hemiarthroplasty,active,2026-07-25,750827493e4c,2026-07-25,https://www.slu.edu/medicine/orthopaedic-surgery/sports-medicine/-pdf/hemiarthroplasty-for-proximal-humerus-fracture.pdf,Hemiarthroplasty
2ef9ff49b66c,proximal-humerus,saint-louis-university-slucare-orif,active,2026-07-25,103972fe8da4,2026-07-25,https://www.slu.edu/medicine/orthopaedic-surgery/sports-medicine/-pdf/proximal-humerus-and-greater-tuberosity-orif.pdf,ORIF
3a26b0e035d4,proximal-humerus,university-of-virginia-orthopaedic-fracture-non-operative,active,2026-07-25,55c62e6904f7,2026-07-25,https://med.virginia.edu/orthopaedic-surgery/wp-content/uploads/sites/242/2021/10/Proximal-Humerus-NONOP-10.20.21.pdf,Proximal Humerus Fracture — Non-Operative
d17c995bed4c,proximal-humerus-fracture,dr-grant-garcia-md-proliance-surgeons-greater-tuberosity-avulsion-non,active,2026-07-25,9357f45b584f,2026-07-25,https://www.grantgarciamd.com/non-op-protocols/proximal-humerus-fracture-non-op.pdf,Proximal Humerus Fracture / Greater Tuberosity Avulsion — Non-Operative
c012842f4a5e,proximal-humerus-fracture,dr-grant-s-garrigues-md-rush-university-orif-locking-plate,active,2026-07-25,bb02306b9c84,2026-07-25,https://www.drgshoulder.com/pdfs/proximal-humerus-fracture-surgical-fixation-orif.pdf,Proximal Humerus Fracture ORIF (Locking Plate)
facb63b2a2fb,proximal-humerus-fracture,dr-katherine-j-coyner-md-uconn-orif,active,2026-07-25,4076d1b7e80e,2026-07-25,https://www.drcoyner.com/pdf/orif-proximal-humerus-fractures-protocol.pdf,Proximal Humerus Fracture ORIF
c7d1f31bc32d,proximal-humerus-fracture,dr-michael-c-fu-md-hospital-for-special-orif,active,2026-07-25,1adaa4f1d54a,2026-07-25,https://static1.squarespace.com/static/5f4aeeb4071f03320cf2138a/t/60195b1dbd96202e1ef28236/1612274461882/Proximal+humerus+fracture+ORIF.pdf,Proximal Humerus Fracture ORIF
d4e1f830aee4,proximal-humerus-fracture,dr-michael-c-fu-md-hospital-for-special-proximal-humerus-fracture-non,active,2026-07-25,b09f5bc558ba,2026-07-25,https://static1.squarespace.com/static/5f4aeeb4071f03320cf2138a/t/5f7b0436fc210b27459bf340/1601897526446/Proximal+humerus+fracture+non-op.pdf,Proximal Humerus Fracture (Non-Operative)
b27db29ddd27,proximal-humerus-fracture,ellis-and-badenhausen-orthopaedics-humeral-fracture-orif-proximal-mid,active,2026-07-25,e389e22c7799,2026-07-25,https://eandbortho.com/wp-content/uploads/2022/07/Humeral-ORIF-Dr.-Griffin-Protocol.pdf,"Humeral Fracture ORIF (Proximal, Mid-Shaft, or Distal)"
b93297d7cab8,proximal-humerus-fracture,iortho-proximal-humeral-fracture-orif,active,2026-07-25,45a18df3da5a,2026-07-25,https://iorthomd.com/wp-content/uploads/2024/09/Post-Operative-Rehabilitation-Guidelines-for-Proximal-Humeral-Fracture-ORIF.pdf,Proximal Humeral Fracture ORIF
4eb58f91a86d,proximal-humerus-fracture,mammoth-orthopedic-institute-sierra-non-operative,active,2026-07-25,1fdea4b084b4,2026-07-25,https://www.mammothortho.com/pdf/proximal-humerus-fracture-non-operative-crall.pdf,Proximal Humerus Fracture — Non-Operative
022584134d81,proximal-humerus-fracture,mammoth-orthopedic-institute-sierra-orif,active,2026-07-25,5b07042a81a2,2026-07-25,https://www.mammothortho.com/pdf/proximal-humerus-fracture-orif-crall.pdf,Proximal Humerus Fracture ORIF
2d039bb55344,proximal-humerus-fracture,massachusetts-general-hospital-orif,active,2026-07-25,b2343ae50adb,2026-07-25,https://www.massgeneral.org/assets/MGH/pdf/orthopaedics/sports-medicine/physical-therapy/rehabilitation-protocol-for-proximal-humeral-fracture-with-ORIF.pdf,Proximal Humerus Fracture ORIF
92161185719d,proximal-humerus-fracture,ortho-illinois-crystal-lake-orthopaedics-non-operative-non-displaced,active,2026-07-25,7c4f469e657a,2026-07-25,https://www.orthoillinois.com/wp-content/uploads/2015/03/Non-Operative-PROXIMAL-HUMERAL-FX.pdf,Proximal Humerus Fracture — Non-Operative (Non-Displaced)
bca6a719d062,proximal-humerus-fracture,sutter-health-palo-alto-medical-orif,active,2026-07-25,7f14b27ac125,2026-07-25,https://www.kevinrothmd.com/pdfs/proximal-humerus-orif-protocol-2024.pdf,Proximal Humerus Fracture ORIF
f339f8b500eb,proximal-humerus-fracture,the-iowa-clinic-orthopaedics-proximal-humerus-greater-tuberosity-orif,active,2026-07-25,716b9df81796,2026-07-25,https://www.iowaclinic.com/Content/cms/documents/Services/Orthopaedics/Proximal-Humerus-and-Greater-Tuberosity-ORIF-Post-Op-Rehab-Protocol.pdf,Proximal Humerus / Greater Tuberosity ORIF
399b1f1a202e,proximal-humerus-fracture,university-of-colorado-denver-shoulder-non-operative,active,2026-07-25,6a387b5e1914,2026-07-25,https://www.denvershouldersurgeon.com/pdf/non-operative-rehabilitation-proximal-humerus-fracture-protocol.pdf,Proximal Humerus Fracture — Non-Operative
5f0a9199ae4a,proximal-humerus-fracture,university-of-virginia-orthopaedic-orif-post-operative,active,2026-07-25,aa55340e46cd,2026-07-25,https://med.virginia.edu/orthopaedic-surgery/wp-content/uploads/sites/242/2021/10/Proximal-Humerus-POSTOP-10.20.21.pdf,Proximal Humerus Fracture — ORIF (Post-Operative)
260e0a0445fa,proximal-mid-hamstring-strain,sanford-health-proximal-mid-hamstring-strain-non,active,2026-07-25,9fa9d49dfc26,2026-07-25,https://www.sanfordhealth.org/-/media/org/files/medical-professionals/resources-and-education/proximal_mid-hamstring-strains-rehab-guideline.pdf,Proximal / Mid-Hamstring Strain (Non-Operative)
e7799ca324ad,proximal-row-carpectomy,university-of-virginia-orthopaedic-wrist-proximal-row-carpectomy,active,2026-07-25,56db94d94090,2026-07-25,https://med.virginia.edu/orthopaedic-surgery/wp-content/uploads/sites/242/2024/09/Wrist-proximal-row-carpectomy.pdf,Wrist Proximal Row Carpectomy
28e1f065d401,proximal-row-carpectomy,uw-health-wrist-salvage,active,2026-07-25,36c85cfb52f6,2026-07-25,https://bynder.uwhealth.org/m/031b91ffc48a248e/original/Rehab-Guideline-Four-corner-fusion-and-PRC-protocol.pdf,Proximal Row Carpectomy (Wrist Salvage)
29a062072535,quad-patellar-tendon-repair,lahey-hospital-and-medical-center-quadriceps-patellar-tendon-repair,active,2026-07-25,03ca3b439b41,2026-07-25,https://www.lahey.org/-/media/files/lhmc/orthopedics/knee/lhmc-quad-patellar-tendon-repair-protocol.pdf,Quadriceps / Patellar Tendon Repair
6048b54761c6,quad-patellar-tendon-repair,mammoth-orthopedic-institute-sierra-quadriceps-tendon-repair,active,2026-07-25,8c24d7b247a5,2026-07-25,https://www.mammothortho.com/pdf/quadriceps-tendon-repair-gilmer.pdf,Quadriceps Tendon Repair
5d666247775d,quad-patellar-tendon-repair,massachusetts-general-hospital-patella-quad-tendon-repair,active,2026-07-25,6079030f55d6,2026-07-25,https://www.massgeneral.org/assets/mgh/pdf/orthopaedics/sports-medicine/physical-therapy/rehabilitation-protocol-for-patella-quad-tendon.pdf,Patella / Quad Tendon Repair
99098c228887,quad-patellar-tendon-repair,ohio-state-university-wexner-medical-quadriceps-tendon-patellar,active,2026-07-25,a3668d63bb2e,2026-07-25,https://hrs.osu.edu/-/media/files/wexnermedical/patient-care/healthcare-services/sports-medicine/education/quadpatellar-tendon-repair41520.pdf?la=en&hash=FF0E015A5510F8D54BE37416D65517A5283CFFFD,Quadriceps Tendon / Patellar Tendon Repair
c68d36330516,quad-patellar-tendon-repair,ortho-utah-patellar-quad-tendon-repair,active,2026-07-25,d43202dd2e70,2026-07-25,https://www.orthoutah.org/rehab-protocols/patellar-quad-tendon-repair.pdf,Patellar / Quad Tendon Repair
8ff82f6dd159,quad-patellar-tendon-repair,orthopedic-and-sports-medicine-knee-extensor-mechanism-repair,active,2026-08-02,c6d5d31c8583,2026-08-02,https://osmsgb.s3.amazonaws.com/wp-content/uploads/2022/06/09103841/OSMSPT.ExtMechanismRepair.pdf,Knee Extensor Mechanism Repair
46d64c15d948,quad-patellar-tendon-repair,somos-society-of-military-orthopaedic-patellar-tendon-repair,active,2026-07-25,f941638a1e31,2026-07-25,https://www.somos.org/assets/RehabilitationGuidelines/Patellar%20Tendon%20Repair%20Rehabilitation%20%28MAY%202020%29%20-%20Final.pdf,Patellar Tendon Repair
b9fcbc6e249f,quad-patellar-tendon-repair,sutter-health-palo-alto-medical-quadriceps-tendon-patellar-tendon,active,2026-07-25,b72201ef088d,2026-07-25,https://www.kevinrothmd.com/pdfs/quad-tendon-and-patellar-tendon-repair-protocol-2024.pdf,Quadriceps Tendon / Patellar Tendon Repair / Patellar Fracture ORIF
355764eed410,quad-patellar-tendon-repair,ucla-department-of-orthopaedic-surgery-quadriceps-tendon-patellar,active,2026-07-25,8f5efa6bd441,2026-07-25,https://sa1s3.patientpop.com/assets/docs/306939.pdf,Quadriceps Tendon / Patellar Tendon Tear Repair
4b7604c465fb,quad-patellar-tendon-repair,university-of-delaware-physical-therapy-quadriceps-and-patellar,active,2026-07-25,bfddd2784182,2026-07-25,https://bpb-us-w2.wpmucdn.com/sites.udel.edu/dist/c/3448/files/2016/01/Quadriceps-and-Patellar-Tendon-Repair.pdf,Quadriceps and Patellar Tendon Repair
e8535e30ff39,quad-patellar-tendon-repair,university-of-new-mexico-unm-sports-extensor-mechanism-repair-patella,active,2026-07-25,dd9db50f88a4,2026-07-25,https://hsc.unm.edu/medicine/departments/ortho-rehab/orthopaedics/fellowships/sports/_id_docs/2025_sports_protocols/extensor-mechanism-rehab.pdf,Extensor Mechanism Repair (Patella/Quad Tendon or Patella ORIF)
f3dd22d5ad28,quad-patellar-tendon-repair,university-of-virginia-orthopaedic-quad-tendon-patellar-tendon-repair,active,2026-07-25,f48db156468e,2026-07-25,https://med.virginia.edu/orthopaedic-surgery/wp-content/uploads/sites/242/2024/12/Quad-Patellar-Tendon.pdf,Quad Tendon / Patellar Tendon Repair
2034d64feeef,quad-patellar-tendon-repair,university-orthopedics-brown-university-quadriceps-patella-tendon,active,2026-07-25,214b83558268,2026-07-25,https://universityorthopedics.com/assets/layout/UOI-Quad-repair-protocol.pdf,Quadriceps / Patella Tendon Repair
49dae52a9656,quad-patellar-tendon-repair,uw-health-sports-medicine-madison-wi,active,2026-07-25,305267030a06,2026-07-25,https://www.cincysportssurgeon.com/pdf/quad-tendon-patellar-tendon-repair-protocol.pdf,Quad / Patellar Tendon Repair
02cad4fd68d7,quad-patellar-tendon-repair,uw-health-sports-medicine-patellar-tendon-and-quadriceps-tendon,active,2026-07-25,a23b9b72e59c,2026-07-25,https://bynder.uwhealth.org/m/6744f99b0aaf5cbb/original/Rehab-Guideline-Patellar-Tendon-and-Quadriceps-Tendon-Repair.pdf,Patellar Tendon and Quadriceps Tendon Repair
9d79ec3e7862,quad-tendon-repair,orthopaedic-associates-of-maine,active,2026-07-25,b0622a5fe8c3,2026-07-25,https://octanecdn.com/growthortho/growthortho_643763756.pdf,Quad Tendon Repair
a157766db1d0,quadriceps-patellar-tendon-repair,saint-louis-university-slucare,active,2026-07-25,788b786c1566,2026-07-25,https://www.slu.edu/medicine/orthopaedic-surgery/sports-medicine/-pdf/quadriceps-or-patellar-tendon-repair.pdf,Quadriceps / Patellar Tendon Repair
a9e79d5a825d,radial-head-replacement,university-of-virginia-orthopaedic,active,2026-07-25,94cb079243c5,2026-07-25,https://med.virginia.edu/orthopaedic-surgery/wp-content/uploads/sites/242/2024/09/Radial-head-replacement.pdf,Radial Head Replacement
a4ce4a97b0ea,radial-tunnel-release,university-of-virginia-orthopaedic,active,2026-07-25,e96291eccc52,2026-07-25,https://med.virginia.edu/orthopaedic-surgery/wp-content/uploads/sites/242/2024/09/Radial-tunnel-release.pdf,Radial Tunnel Release
c5563a81cf4d,reverse-total-shoulder-arthroplasty,brigham-and-womens-hospital-rtsa,active,2026-07-25,7e780798d32e,2026-07-25,https://www.brighamandwomens.org/assets/bwh/patients-and-families/rehabilitation-services/pdfs/shoulder-reverse-total-shoulder-arthroplasty-protocol.pdf,Reverse Total Shoulder Arthroplasty (rTSA)
801a1bba1e0b,reverse-total-shoulder-arthroplasty,dr-michael-c-fu-md-hospital-for-special,active,2026-07-25,f7a59970a181,2026-07-25,https://static1.squarespace.com/static/5f4aeeb4071f03320cf2138a/t/5f4d05eb9cb9807745490cde/1598883307536/RTSA+rev2.pdf,Reverse Total Shoulder Arthroplasty
69f6a5b32348,reverse-total-shoulder-arthroplasty,lahey-hospital-and-medical-center-rtsa,active,2026-07-25,43e28de8d582,2026-07-25,https://www.lahey.org/-/media/files/lhmc/orthopedics/shoulder/lhmc-reverse-total-shoulder.pdf,Reverse Total Shoulder Arthroplasty (rTSA)
6cc187614990,reverse-total-shoulder-arthroplasty,mammoth-orthopedic-institute-mammoth,active,2026-07-25,4ea721c352a9,2026-07-25,https://www.mammothortho.com/pdf/reverse-total-shoulder-new.pdf,Reverse Total Shoulder Arthroplasty
c861b6cdd075,reverse-total-shoulder-arthroplasty,massachusetts-general-hospital-rtsa,active,2026-07-25,729956847da9,2026-07-25,https://www.massgeneral.org/assets/mgh/pdf/orthopaedics/sports-medicine/physical-therapy/rehabilitation-protocol-for-reverse-shoulder-arthroplasty.pdf,Reverse Total Shoulder Arthroplasty (rTSA)
3d93a4e87ecb,reverse-total-shoulder-arthroplasty,nyu-langone-health-rtsa,active,2026-07-25,3b0ed62bf748,2026-07-25,https://www.orthopedicsurgerybrooklyn.com/wp-content/uploads/2024/07/Reverse-Total-Shoulder-Arthroplasty-Rehabilitation-Protocol-1.pdf,Reverse Total Shoulder Arthroplasty (rTSA)
2b8cd0eee5cd,reverse-total-shoulder-arthroplasty,ohio-state-university-wexner-medical-rtsa,active,2026-07-25,fc8c8d5f74fe,2026-07-25,https://medicine.osu.edu/-/media/files/medicine/departments/sports-medicine/medical-professionals/shoulder-and-elbow/rtsa-2023-ccg-revision.pdf?rev=b6c10cf9738a4241af8c41f35734c258&hash=DFD317475B7C1DF84CBC847926BEB296,Reverse Total Shoulder Arthroplasty (rTSA)
cb389a5f7a9d,reverse-total-shoulder-arthroplasty,sanford-health-reverse-total-shoulder-arthroplasty-rtsa,active,2026-07-25,931c9280bc0d,2026-07-25,https://www.sanfordhealth.org/-/media/org/files/medical-services/rehab-and-therapy/flyer-sosm-reverse-total-shoulder-rehabilitation-guideline-8_5x11.pdf,Reverse Total Shoulder Arthroplasty (rTSA)
9f93936feab3,reverse-total-shoulder-arthroplasty,sutter-health-palo-alto-medical-rtsa,active,2026-07-25,66250b20f599,2026-07-25,https://www.kevinrothmd.com/pdfs/reverse-total-shoulder-arthroplasty-protocol-2024.pdf,Reverse Total Shoulder Arthroplasty (rTSA)
e090b661ca5c,reverse-total-shoulder-arthroplasty,ucla-department-of-orthopaedic-surgery-rtsa,active,2026-07-25,d64ecb75ba05,2026-07-25,https://sa1s3.patientpop.com/assets/docs/330542.pdf,Reverse Total Shoulder Arthroplasty (rTSA)
ae10ea8aebc0,reverse-total-shoulder-arthroplasty,university-hospitals-rtsa,active,2026-07-25,e34183b5d54f,2026-07-25,https://www.uhhospitals.org/-/media/files/services/rehabilitation/reverse-total-shoulder-arthroplasty-rehabilitation-post-operative-guidelines.pdf,Reverse Total Shoulder Arthroplasty (rTSA)
cf8d69776649,reverse-total-shoulder-arthroplasty,university-of-virginia-orthopaedic-rtsa-updated-2024,active,2026-07-25,1ec4f9b043cc,2026-07-25,https://med.virginia.edu/orthopaedic-surgery/wp-content/uploads/sites/242/2024/12/Reverse-Total-Shoulder-Arthroplasty.pdf,Reverse Total Shoulder Arthroplasty (rTSA) — Updated 2024
f8b4e4070a54,reverse-total-shoulder-arthroplasty,uw-health-sports-medicine-rtsa,active,2026-07-25,96adbd99a5d1,2026-07-25,https://bynder.uwhealth.org/m/362ceee39a327136/original/Shoulder-Arthroplasty-and-Reverse-Final.pdf,Reverse Total Shoulder Arthroplasty (rTSA)
6f03c8254302,rotator-cuff,saint-louis-university-slucare-repair,active,2026-07-25,76a0512855dd,2026-07-25,https://www.slu.edu/medicine/orthopaedic-surgery/sports-medicine/-pdf/rotator-cuff-repair-post-op.pdf,Repair
5a33fae3486d,rotator-cuff,saint-louis-university-slucare-subscapularis-repair,active,2026-07-25,6a5420030438,2026-07-25,https://www.slu.edu/medicine/orthopaedic-surgery/sports-medicine/-pdf/subscapularis-repair.pdf,Subscapularis Repair
298dc47afcf9,rotator-cuff-repair,dr-michael-c-fu-md-hospital-for-special,active,2026-07-25,e322f165f410,2026-07-25,https://static1.squarespace.com/static/5f4aeeb4071f03320cf2138a/t/5f4d022a0ce42f136e83a4eb/1598882346495/Rotator+cuff+repair+rev2.pdf,Rotator Cuff Repair
ec473156edd5,rotator-cuff-repair,dr-michael-c-fu-md-hospital-for-special-subacromial-balloon-spacer,active,2026-07-25,b6b195d85048,2026-07-25,https://static1.squarespace.com/static/5f4aeeb4071f03320cf2138a/t/625867ff32f0562c5a229170/1649960960375/Subacromial+balloon+spacer.pdf,Subacromial Balloon Spacer (Massive Irreparable RC Tear)
9b98f7e1e6a6,rotator-cuff-repair,gundersen-health-system-glsm-small-to-medium-tears-1-4-cm,active,2026-07-25,398774c3f70b,2026-07-25,https://www.gundersenhealth.org/sites/default/files/2022-06/Sports-Medicine-Protocol-Rotator-cuff-repair-smallmedium-comprehensive.pdf,Rotator Cuff Repair — Small to Medium Tears (<1–4 cm)
ca4b4403274e,rotator-cuff-repair,iortho-large-to-massive-tears,active,2026-07-25,e8eefe4c3f7d,2026-07-25,https://iorthomd.com/wp-content/uploads/2024/09/Recovery-Plan-for-Arthroscopic-Rotator-Cuff-Repair-Large.pdf,Large to Massive Tears
646f479aaadf,rotator-cuff-repair,iortho-small-to-medium-tears,active,2026-07-25,3974d06e32e3,2026-07-25,https://iorthomd.com/wp-content/uploads/2024/09/Recovery-Plan-for-Arthroscopic-Rotator-Cuff-Repair-Small-Medium.pdf,Small to Medium Tears
eb99beb5c90e,rotator-cuff-repair,lahey-hospital-and-medical-center-massive-rotator-cuff-repair-5-cm,active,2026-07-25,53b19a4355e9,2026-07-25,https://www.lahey.org/-/media/files/lhmc/orthopedics/shoulder/lhmc-massive-rotator-cuff-repair.pdf,Massive Rotator Cuff Repair (>5 cm)
b8381b9b961c,rotator-cuff-repair,lahey-hospital-and-medical-center-small-to-moderate-rotator-cuff,active,2026-07-25,561a0db719cc,2026-07-25,https://www.lahey.org/-/media/files/lhmc/orthopedics/shoulder/lhmc-small-moderate-rotator-cuff-repair-protocol.pdf,Small to Moderate Rotator Cuff Repair (<5 cm)
f2ad66a87c7a,rotator-cuff-repair,mammoth-orthopedic-institute-sierra-massive-rotator-cuff-repair,active,2026-07-25,bb8bed265e67,2026-07-25,https://www.mammothortho.com/pdf/shoulder-massive-rotator-cuff-repair.pdf,Massive Rotator Cuff Repair
73fa3c2bb5bd,rotator-cuff-repair,mammoth-orthopedic-institute-sierra-small-to-large-rotator-cuff-repair,active,2026-07-25,29160e29ed62,2026-07-25,https://www.mammothortho.com/pdf/shoulder-small-to-large-rc-repair.pdf,Small to Large Rotator Cuff Repair
584e075940db,rotator-cuff-repair,massachusetts-general-hospital-isolated-subscapularis-repair,active,2026-07-25,44e714a3f2c2,2026-07-25,https://www.massgeneral.org/assets/MGH/pdf/orthopaedics/sports-medicine/physical-therapy/rehabilitation-protocol-for-subscapularis-repair.pdf,Isolated Subscapularis Repair
e029904405c1,rotator-cuff-repair,massachusetts-general-hospital-large-to-massive-tears-3-cm,active,2026-07-25,dba6381c6095,2026-07-25,https://www.massgeneral.org/assets/mgh/pdf/orthopaedics/sports-medicine/physical-therapy/rehabilitation-protocol-for-rotator-cuff-tear-large-to-massive-tear.pdf,Rotator Cuff Repair — Large to Massive Tears (>3 cm)
e2b7c5726e12,rotator-cuff-repair,massachusetts-general-hospital-small-to-medium-tears-lte-3-cm,active,2026-07-25,3d02df9eca32,2026-07-25,https://www.massgeneral.org/assets/MGH/pdf/orthopaedics/sports-medicine/physical-therapy/rehabilitation-protocol-for-rotator-cuff-tear-small-to-medium-tear.pdf,Rotator Cuff Repair — Small to Medium Tears (≤3 cm)
15d26fa44808,rotator-cuff-repair,mountain-orthopaedics-arthroscopic-and-open-rotator-cuff,active,2026-07-25,9e0fc84016fd,2026-07-25,https://s43932.pcdn.co/wp-content/uploads/sites/206/2024/11/ARTHROSCOPIC-AND-OPEN-ROTATOR-CUFF-REPAIR-REHABILITATION-PROTOCOL_compressed-2.pdf,Arthroscopic and Open Rotator Cuff Repair
4974a12527b8,rotator-cuff-repair,nebraska-orthopaedic-center-massive-tears-5-cm-type-iii-protocol,active,2026-07-25,3ca50e47cf41,2026-07-25,https://nebraskaortho.com/wp-content/uploads/2023/04/PT-Protocol-Rotator-Cuff-Repair-Type-III-massive.pdf,Rotator Cuff Repair — Massive Tears (>5 cm) / Type III Protocol
2ccdc26fecd6,rotator-cuff-repair,nyu-langone-health,active,2026-07-25,587af85f17d3,2026-07-25,https://www.orthopedicsurgerybrooklyn.com/wp-content/uploads/2024/07/Rotator-Cuff-Repair-Rehabilitation-Protocol-1.pdf,Rotator Cuff Repair
37871b399a3c,rotator-cuff-repair,ohio-state-university-wexner-medical-large-to-massive-tears-3-cm,active,2026-07-25,3ee8b08bd9e5,2026-07-25,https://medicine.osu.edu/-/media/files/wexnermedical/patient-care/healthcare-services/sports-medicine/education/medical-professionals/shoulder-and-elbow/rtc_largemassive.pdf?la=en&hash=42D58E12154E363779DC3F28D1C365AA09354EBA,Rotator Cuff Repair — Large to Massive Tears (>3 cm)
0330ce467d00,rotator-cuff-repair,ohio-state-university-wexner-medical-small-to-medium-tears-lte-3-cm,active,2026-07-25,688ac1822661,2026-07-25,https://medicine.osu.edu/-/media/files/medicine/departments/sports-medicine/medical-professionals/shoulder-and-elbow/rotator-cuff-repair_small_medium-2020.pdf?la=en&hash=0EE8FEC16AC332FB91E3FBACE1BEA4CBC318D728,Rotator Cuff Repair — Small to Medium Tears (≤3 cm)
d6d3fcbba200,rotator-cuff-repair,orthopaedic-associates-of-maine-large-tear,active,2026-07-25,cd82248e2b5a,2026-07-25,https://octanecdn.com/growthortho/growthortho_620197779.pdf,Large Tear
b16135a32fee,rotator-cuff-repair,orthopaedic-associates-of-maine-medium-tear,active,2026-07-25,97e1222444d9,2026-07-25,https://octanecdn.com/growthortho/medium_rotator_cuff_repair_protocol.pdf,Medium Tear
4a408ab2d46e,rotator-cuff-repair,orthopaedic-associates-of-maine-small-tear,active,2026-07-25,87cef50f1dc5,2026-07-25,https://octanecdn.com/growthortho/small_rotator_cuff_repair_protocol.pdf,Small Tear
6bd12898d3bc,rotator-cuff-repair,samaritan-athletic-medicine-sam-health-large-to-massive-tear-3-cm,active,2026-07-25,af265a49d1c5,2026-07-25,https://samhealth.org/wp-content/uploads/Rehabilitation-Guidelines-for-Massive-Rotator-Cuff-Repair.pdf,Rotator Cuff Repair -- Large to Massive Tear (> 3 cm)
aac558f82d02,rotator-cuff-repair,samaritan-athletic-medicine-sam-health-small-to-medium-tear-3-cm,active,2026-07-25,1b739b7eaec1,2026-07-25,https://samhealth.org/wp-content/uploads/Rehabilitation-Guidelines-for-Small-to-Medium-Rotator-Cuff-Repair.pdf,Rotator Cuff Repair -- Small to Medium Tear (< 3 cm)
abaf6ba10253,rotator-cuff-repair,sanford-health-rotator-cuff-repair-large-to-massive,active,2026-07-25,7083f4976acd,2026-07-25,https://www.sanfordhealth.org/-/media/org/files/medical-professionals/resources-and-education/rotator-cuff-repair-large-to-massive-rehabilitation-guideline.pdf,Rotator Cuff Repair — Large to Massive Tears
8def31454d69,rotator-cuff-repair,sanford-health-rotator-cuff-repair-small-to-medium,active,2026-07-25,4169e9aac049,2026-07-25,https://www.sanfordhealth.org/-/media/org/files/medical-professionals/resources-and-education/rotator-cuff-repair-small-to-medium-guideline.pdf,Rotator Cuff Repair — Small to Medium Tears
6bd654c99041,rotator-cuff-repair,somos-society-of-military-orthopaedic,active,2026-07-25,3c461ee6f435,2026-07-25,https://www.somos.org/assets/RehabilitationGuidelines/Rotator%20Cuff%20Repair%20Rehabilitation%20%28MAY%202020%29%20-%20Final.pdf,Rotator Cuff Repair
37aea4b2a058,rotator-cuff-repair,sutter-health-palo-alto-medical-large-to-massive-tear,active,2026-07-25,a2af47f5298f,2026-07-25,https://www.kevinrothmd.com/pdfs/rotator-cuff-repair-large-to-massive-tear-protocol-2024.pdf,Rotator Cuff Repair — Large to Massive Tear
c915a06008d9,rotator-cuff-repair,sutter-health-palo-alto-medical-small-to-medium-tear,active,2026-07-25,ec85c9055195,2026-07-25,https://www.kevinrothmd.com/pdfs/rotator-cuff-repair-small-to-medium-tear-protocol-2024.pdf,Rotator Cuff Repair — Small to Medium Tear
a28843b3a65d,rotator-cuff-repair,the-steadman-clinic-arthroscopic-rotator-cuff-repair,active,2026-07-25,54a98b675991,2026-07-25,https://drmillett.com/wp-content/uploads/2014/03/Arthroscopic-Rotator-Cuff-Repair-Protocol.pdf,Arthroscopic Rotator Cuff Repair
63e5b10bb1a9,rotator-cuff-repair,ucla-department-of-orthopaedic-surgery,active,2026-07-25,2e4e3c321a8c,2026-07-25,https://sa1s3.patientpop.com/assets/docs/307047.pdf,Rotator Cuff Repair
27eaade269a5,rotator-cuff-repair,ucla-department-of-orthopaedic-surgery-massive-tear-with-ecm-graft,active,2026-07-25,c4d6868072b3,2026-07-25,https://sa1s3.patientpop.com/assets/docs/307045.pdf,Rotator Cuff Repair — Massive Tear with ECM Graft Reconstruction
e2c0f5a4db73,rotator-cuff-repair,ucla-department-of-orthopaedic-surgery-with-biceps-tenodesis,active,2026-07-25,ec7e492167b3,2026-07-25,https://sa1s3.patientpop.com/assets/docs/307043.pdf,Rotator Cuff Repair with Biceps Tenodesis
52a3dd12b15c,rotator-cuff-repair,university-of-delaware-physical-therapy-large-tear-no-retraction-2-5,active,2026-07-25,95fa959bdc97,2026-07-25,https://bpb-us-w2.wpmucdn.com/sites.udel.edu/dist/c/3448/files/2016/01/Repair-of-Large-Rotator-Cuff-Tears-without-Retraction-Greater-than-2.5-cm.pdf,"Rotator Cuff Repair — Large Tear, No Retraction (>2.5 cm)"
88918fdb7681,rotator-cuff-repair,university-of-delaware-physical-therapy-large-tear-with-retraction-2,active,2026-07-25,ba7ca5d22ba3,2026-07-25,https://bpb-us-w2.wpmucdn.com/sites.udel.edu/dist/c/3448/files/2016/01/Repair-of-Large-Rotator-Cuff-Tears-with-Retraction-Greater-than-2.5-cm.pdf,Rotator Cuff Repair — Large Tear with Retraction (>2.5 cm)
07f16fe3aeb8,rotator-cuff-repair,university-of-delaware-physical-therapy-small-tear-no-retraction-lte,active,2026-07-25,fe928cb7b157,2026-07-25,https://bpb-us-w2.wpmucdn.com/sites.udel.edu/dist/c/3448/files/2016/01/Repair-of-Rotator-Cuff-Tears-Uncomplicated.pdf,"Rotator Cuff Repair — Small Tear, No Retraction (≤2 cm)"
ab3831d260d7,rotator-cuff-repair,university-of-delaware-physical-therapy-small-tear-with-retraction,active,2026-07-25,badf1ab0e86e,2026-07-25,https://bpb-us-w2.wpmucdn.com/sites.udel.edu/dist/c/3448/files/2016/01/Repair-of-Rotator-Cuff-Tears-with-Retraction-Less-Equal-2-cm.pdf,Rotator Cuff Repair — Small Tear with Retraction (≤2 cm)
9f482e826649,rotator-cuff-repair,university-of-new-mexico-unm-sports,active,2026-07-25,ff065aee7e4a,2026-07-25,https://hsc.unm.edu/medicine/departments/ortho-rehab/orthopaedics/fellowships/sports/_id_docs/2025_sports_protocols/rotator-cuff-repair.pdf,Rotator Cuff Repair
8cece2c4353c,rotator-cuff-repair,university-of-virginia-orthopaedic,active,2026-07-25,3b48a08fc8f7,2026-07-25,https://med.virginia.edu/orthopaedic-surgery/wp-content/uploads/sites/242/2023/01/Rotator-Cuff-Repair.pdf,Rotator Cuff Repair
ea9acaa29d36,rotator-cuff-repair,university-orthopedics-brown-university,active,2026-07-25,fcd93c51e784,2026-07-25,https://universityorthopedics.com/assets/shoulder/Rotator-Cuff-Repair.pdf,Rotator Cuff Repair
172164413409,rotator-cuff-repair,uw-health-sports-medicine-type-i-and-type-ii-and-isolated,active,2026-07-25,099e25cbc444,2026-07-25,https://bynder.uwhealth.org/m/6a0614ab82d91431/original/Rehab-Guideline-Rotator-Cuff-Repair-and-Isolated-Subscapularis-Repair.pdf,Rotator Cuff Repair (Type I and Type II) and Isolated Subscapularis Repair
8988e158adad,rotator-cuff-tear,iortho-non-operative-management,active,2026-07-25,14d66bfb5866,2026-07-25,https://iorthomd.com/wp-content/uploads/2024/09/Rehabilitation-Approach-for-Non-Surgical-Management-of-Massive-Rotator-Cuff-Tears.pdf,Non-Operative Management
8421cdb0c07c,sagittal-band-non-operative,uw-health-orthopedic-surgery-unitypoint-conservative-treatment,active,2026-07-25,b148fa2f75f1,2026-07-25,https://bynder.uwhealth.org/m/4341fac398c4f90c/original/Rehab-Guideline-Sagittal-Band-Treatment-Conservative.pdf,Conservative Treatment
56cf182e465e,sagittal-band-repair,university-of-virginia-orthopaedic,active,2026-07-25,e85ea7536502,2026-07-25,https://med.virginia.edu/orthopaedic-surgery/wp-content/uploads/sites/242/2024/09/Sagittal-band-repair.pdf,Sagittal Band Repair
a5726feed88d,sagittal-band-repair,uw-health-orthopedic-surgery-unitypoint,active,2026-07-25,c1b43b3a5fd0,2026-07-25,https://bynder.uwhealth.org/m/34567fd5c32aa38d/original/Rehab-Guideline-Sagittal-Band-Repair.pdf,Sagittal Band Repair
6881fd53ee45,sc-joint-reconstruction,iortho,active,2026-07-25,b79a05b7f120,2026-07-25,https://iorthomd.com/wp-content/uploads/2024/09/Recovery-Guidelines-for-Sternoclavicular-Joint-Reconstruction.pdf,SC Joint Reconstruction
52edc15fd221,sc-joint-reconstruction,massachusetts-general-hospital-sternoclavicular-joint-reconstruction,active,2026-07-25,3e6e8f39896d,2026-07-25,https://www.massgeneral.org/assets/MGH/pdf/orthopaedics/sports-medicine/physical-therapy/rehabilitation-protocol-for-sternoclavicular-joint-reconstruction.pdf,Sternoclavicular Joint Reconstruction
49cbd7f3089e,scapholunate-ligament-reconstruction,university-of-virginia-orthopaedic,active,2026-07-25,540dfb66bb3f,2026-07-25,https://med.virginia.edu/orthopaedic-surgery/wp-content/uploads/sites/242/2024/09/Scapholunate-Ligament-Reconstruction.pdf,Scapholunate Ligament Reconstruction
0229ad038f03,scapholunate-ligament-repair,orthopaedic-associates-of-maine,active,2026-07-25,e769e5f2b63d,2026-07-25,https://octanecdn.com/growthortho/growthortho_576098725.pdf,Scapholunate Ligament Repair
367e184ef875,scapular-dyskinesia,dr-michael-c-fu-md-hospital-for-special,active,2026-07-25,662fe19b931f,2026-07-25,https://static1.squarespace.com/static/5f4aeeb4071f03320cf2138a/t/65ce93358272262fe0c7af0f/1708036917826/Scapular+dyskinesia.pdf,Scapular Dyskinesia
d50958e4f33e,shoulder-arthroplasty,iortho-reverse-shoulder-arthroplasty,active,2026-07-25,a7c5055cd20a,2026-07-25,https://iorthomd.com/wp-content/uploads/2024/09/Post-Operative-Rehabilitation-Guidelines-for-Reverse-Shoulder-Arthroplasty.pdf,Reverse Shoulder Arthroplasty
62daa76cd3e4,shoulder-arthroplasty,iortho-total-shoulder-replacement,active,2026-07-25,8e59cbc244d5,2026-07-25,https://iorthomd.com/wp-content/uploads/2024/09/Recovery-Guidelines-for-Total-Shoulder-Replacement-and-Partial-Shoulder-Replacement.pdf,Total Shoulder Replacement / Hemiarthroplasty
3c44daf35d98,shoulder-arthroplasty,orthopaedic-associates-of-maine-reverse-total-shoulder-arthroplasty,active,2026-07-25,e7ff91d96cc1,2026-07-25,https://octanecdn.com/growthortho/growthortho_155049228.pdf,Reverse Total Shoulder Arthroplasty
88a7e146a97f,shoulder-arthroplasty,orthopaedic-associates-of-maine-reverse-total-shoulder-murray,active,2026-07-25,e0e14b78a35b,2026-07-25,https://octanecdn.com/growthortho/growthortho_621043944.pdf,Reverse Total Shoulder Arthroplasty
8a9b98c18ca6,shoulder-arthroplasty,orthopaedic-associates-of-maine-total-shoulder-arthroplasty,active,2026-07-25,5fade8e65db1,2026-07-25,https://octanecdn.com/growthortho/growthortho_891261875.pdf,Total Shoulder Arthroplasty / Hemiarthroplasty
4397fdef9c9c,shoulder-arthroscopic-labral-debridement,sanford-health-shoulder-arthroscopic-labral,active,2026-07-25,fdcca45d9ca9,2026-07-25,https://www.sanfordhealth.org/-/media/org/files/medical-professionals/resources-and-education/shoulder-arthroscopic-labral-guideline-8_5x11.pdf,Shoulder Arthroscopic Labral Debridement (SLAP Type I & III)
e95dde07875f,shoulder-decompression-ac-joint,mountain-orthopaedics-arthroscopic-sad-mumford-procedure,active,2026-07-25,83274c2b7be8,2026-07-25,https://s43932.pcdn.co/wp-content/uploads/sites/206/2024/11/ARTHROSCOPIC-SAD_MUMFORD_compressed-1.pdf,Arthroscopic SAD / Mumford Procedure
1cb6ef82c757,shoulder-decompression-ac-joint,university-of-new-mexico-unm-sports-general-shoulder-arthroscopy,active,2026-07-25,0fadf2e1b2ef,2026-07-25,https://hsc.unm.edu/medicine/departments/ortho-rehab/orthopaedics/fellowships/sports/_id_docs/2025_sports_protocols/shoulder-arthroscopy-general.pdf,General Shoulder Arthroscopy (Debridement / Subacromial Decompression / Distal Clavicle Resection)
945666da1248,shoulder-decompression-ac-joint,uw-health-sports-medicine-shoulder-debridement-decompression-and,active,2026-07-25,bfd9d5533121,2026-07-25,https://bynder.uwhealth.org/m/0cb7915b508cd3c7/original/Rehab-Guideline-Shoulder-Debridement-Decompression-and-Distal-Clavicle-Excision.pdf,"Shoulder Debridement, Decompression and Distal Clavicle Excision"
eac9c957aae2,shoulder-impingement-rotator-cuff-tendinitis,dr-michael-c-fu-md-hospital-for-special-shoulder-impingement-rotator,active,2026-07-25,e636c4b9634f,2026-07-25,https://static1.squarespace.com/static/5f4aeeb4071f03320cf2138a/t/65ce92d6b6a2f2061722e387/1708036822239/Impingement+rotator+cuff+tendinitis.pdf,Shoulder Impingement / Rotator Cuff Tendinitis
d98aae0ea060,shoulder-instability,dr-michael-c-fu-md-hospital-for-special-anterior-capsule-bankart,active,2026-07-25,4d5e61b617c5,2026-07-25,https://static1.squarespace.com/static/5f4aeeb4071f03320cf2138a/t/5f4d0c934ada6c4dfa1cbe5c/1598885011187/HSS+Anterior+stabilization.pdf,Anterior Capsule / Bankart Repair
ba24011ceedd,shoulder-instability,dr-michael-c-fu-md-hospital-for-special-bankart-repair-with,active,2026-07-25,b9f64e37316d,2026-07-25,https://static1.squarespace.com/static/5f4aeeb4071f03320cf2138a/t/63c9330c59e46b6bece1cbd3/1674130188252/Remplissage.pdf,Bankart Repair with Remplissage
61e6592c6fb8,shoulder-instability,dr-michael-c-fu-md-hospital-for-special-latarjet-procedure-anterior,active,2026-07-25,0814708449cc,2026-07-25,https://static1.squarespace.com/static/5f4aeeb4071f03320cf2138a/t/5fd3b94e3bad80468f69e4ce/1607711054180/Latarjet.pdf,Latarjet Procedure / Anterior Bone Block
794bdc973e53,shoulder-instability,dr-michael-c-fu-md-hospital-for-special-posterior-shoulder,active,2026-07-25,dcbe50e62eaa,2026-07-25,https://static1.squarespace.com/static/5f4aeeb4071f03320cf2138a/t/5f4d123e58ec670699bfd4ee/1598886462439/Posterior+stabilization.pdf,Posterior Shoulder Stabilization
799928b8182c,shoulder-instability,dr-michael-c-fu-md-hospital-for-special-shoulder-instability-non,active,2026-07-25,0506227ccc46,2026-07-25,https://static1.squarespace.com/static/5f4aeeb4071f03320cf2138a/t/65ce931db6a2f2061722fe2c/1708036893518/Shoulder+instability.pdf,Shoulder Instability (Non-Operative)
a0f82aa58f20,shoulder-instability,iortho-anterior-bankart-repair,active,2026-07-25,685728d0906f,2026-07-25,https://iorthomd.com/wp-content/uploads/2024/09/Post-Surgery-Rehabilitation-Plan-for-Anterior-Bankart-Repair.pdf,Anterior Bankart Repair
d93de3b2b625,shoulder-instability,iortho-latarjet-repair,active,2026-07-25,e5e1363634f4,2026-07-25,https://iorthomd.com/wp-content/uploads/2024/09/Post-Operative-Rehabilitation-Plan-for-Latarjet-Repair.pdf,Latarjet Repair
a20a67249d3c,shoulder-instability,saint-louis-university-slucare-anterior-instability-repair,active,2026-07-25,c9956ced7d6c,2026-07-25,https://www.slu.edu/medicine/orthopaedic-surgery/sports-medicine/-pdf/anterior-instability-repair.pdf,Anterior Instability Repair
43063a36e161,shoulder-instability,saint-louis-university-slucare-arthroscopic-open-capsular-shift,active,2026-07-25,2e9b4f594a0e,2026-07-25,https://www.slu.edu/medicine/orthopaedic-surgery/sports-medicine/-pdf/arthroscopic-and-open-capsular-shift.pdf,Arthroscopic / Open Capsular Shift
d74aa0aed8f9,shoulder-instability,saint-louis-university-slucare-coracoid-transfer-glenoid-bone-grafting,active,2026-07-25,eb6abfa3e5b9,2026-07-25,https://www.slu.edu/medicine/orthopaedic-surgery/sports-medicine/-pdf/coracoid-transfer-and-glenoid-bone-grafting-for-anterior-instability-with-bone-loss.pdf,Coracoid Transfer / Glenoid Bone Grafting
1e58e9e1b476,shoulder-instability,saint-louis-university-slucare-posterior-instability-repair,active,2026-07-25,6d9ba397cf80,2026-07-25,https://www.slu.edu/medicine/orthopaedic-surgery/sports-medicine/-pdf/posterior-instability-repair.pdf,Posterior Instability Repair
1813b9177cd8,shoulder-instability,university-of-new-mexico-unm-sports-bankart-repair-and-latarjet,active,2026-07-25,b929bc1e86c8,2026-07-25,https://hsc.unm.edu/medicine/departments/ortho-rehab/orthopaedics/fellowships/sports/_id_docs/2025_sports_protocols/shoulder-instability.pdf,Bankart Repair and Latarjet
dda2e238711e,shoulder-labral-repair,childrens-hospital-of-philadelphia-arthroscopic-bankart-repair,active,2026-07-25,2d3203c56b2d,2026-07-25,https://www.chop.edu/sites/default/files/orthopaedic-surgery-po-bankart-protocol.pdf,Arthroscopic Bankart Repair
d0f2920b3ecc,shoulder-labral-repair,massachusetts-general-hospital-anterior-bankart-repair,active,2026-07-25,fe749885069d,2026-07-25,https://www.massgeneral.org/assets/MGH/pdf/orthopaedics/sports-medicine/physical-therapy/rehabilitation-protocol-for-anterior-bankart.pdf,Anterior Bankart Repair
e141cb84d13c,shoulder-labral-repair,massachusetts-general-hospital-anterior-bankart-repair-pediatric,active,2026-07-25,21f8493027c9,2026-07-25,https://www.massgeneral.org/assets/MGH/pdf/orthopaedics/sports-medicine/physical-therapy/Pediatric-Anterior-Bankart-repair-protocol.pdf,Anterior Bankart Repair — Pediatric
939cd4ecb533,shoulder-labral-repair,massachusetts-general-hospital-posterior-bankart-repair,active,2026-07-25,2f54791cc8ba,2026-07-25,https://www.massgeneral.org/assets/mgh/pdf/orthopaedics/sports-medicine/physical-therapy/rehabilitation-protocol-for-posterior-bankart.pdf,Posterior Bankart Repair
b68d8919cf5b,shoulder-labral-repair,massachusetts-general-hospital-posterior-bankart-repair-pediatric,active,2026-07-25,7d5e738db19d,2026-07-25,https://www.massgeneral.org/assets/MGH/pdf/orthopaedics/sports-medicine/physical-therapy/Pediatric-Posterior-Bankart-repair-protocol.pdf,Posterior Bankart Repair — Pediatric
8d62e554f90e,shoulder-labral-repair,massachusetts-general-hospital-slap-repair-type-ii,active,2026-07-25,5efcd7b32b59,2026-07-25,https://www.massgeneral.org/assets/MGH/pdf/orthopaedics/sports-medicine/physical-therapy/rehabilitation-protocol-for-SLAP-type-II.pdf,SLAP Repair (Type II)
9c28c2fb7fe0,shoulder-labral-repair,nyu-langone-health-arthroscopic-anterior-labral-repair,active,2026-07-25,9470cf3aefc4,2026-07-25,https://www.orthopedicsurgerybrooklyn.com/wp-content/uploads/2024/07/Arthroscopic-Anterior-Labral-Repair-Rehabilitation-Protocol-1.pdf,Arthroscopic Anterior Labral Repair (Bankart)
714506bb6b1e,shoulder-labral-repair,nyu-langone-health-arthroscopic-posterior-shoulder,active,2026-07-25,4b903ebb632f,2026-07-25,https://www.orthopedicsurgerybrooklyn.com/wp-content/uploads/2024/07/Arthroscopic-Posterior-Shoulder-Stabilization-Labral-Repair-Rehabilitation-Protocol-1.pdf,Arthroscopic Posterior Shoulder Stabilization / Labral Repair
c16b3238d237,shoulder-labral-repair,ohio-state-university-wexner-medical-anterior-shoulder-stabilization,active,2026-07-25,5323ec7e7cbb,2026-07-25,https://hrs.osu.edu/-/media/files/wexnermedical/patient-care/healthcare-services/sports-medicine/education/medical-professionals/shoulder-and-elbow/arthroscopicshoulderstabilization.pdf?la=en&hash=73D3916350440BCA4A2FD67E9ABAC28FED3A9191,Anterior Shoulder Stabilization (Bankart / Remplissage / Latarjet)
a62cb0a39e00,shoulder-labral-repair,ohio-state-university-wexner-medical-arthroscopic-slap-repair,active,2026-07-25,f9ce4440afda,2026-07-25,https://medicine.osu.edu/-/media/files/medicine/departments/sports-medicine/medical-professionals/shoulder-and-elbow/arthroscopic_slap_repair.pdf?la=en&hash=DF882F4A0C99861F82738672A2CC3B51B71AC1B3,Arthroscopic SLAP Repair
fd63545228c3,shoulder-labral-repair,samaritan-athletic-medicine-sam-health-posterior-glenoid-labral-repair,active,2026-07-25,3821bd0a04cd,2026-07-25,https://samhealth.org/wp-content/uploads/Rehabilitation-Guidelines-for-Posterior-Labral-Repair-338.pdf,Posterior Glenoid Labral Repair
c3ddb7a6aba0,shoulder-labral-repair,ucla-department-of-orthopaedic-surgery-anterior-and-posterior-labral,active,2026-07-25,d69e80b30abf,2026-07-25,https://sa1s3.patientpop.com/assets/docs/307034.pdf,Anterior and Posterior Labral Repair / Capsulorrhaphy
24abc859b041,shoulder-labral-repair,university-of-colorado-anschutz-cu-anterior-bankart-repair,active,2026-07-25,4914d19f65a8,2026-07-25,https://medschool.cuanschutz.edu/docs/librariesprovider65/eric-mccarty/rehab-protocols/anterior-shoulder-instability-moon-therapy-protocol1.pdf?sfvrsn=10f820bb_2,Anterior Bankart Repair
1894a9a34418,shoulder-labral-repair,university-of-colorado-anschutz-cu-posterior-bankart-repair,active,2026-07-25,46d4565bd174,2026-07-25,https://medschool.cuanschutz.edu/docs/librariesprovider65/eric-mccarty/rehab-protocols/posterior-stabilization-moon-protocol-updated-428-430.pdf?sfvrsn=e64bbdb4_1,Posterior Bankart Repair
3029b0b4c563,shoulder-labral-repair,university-of-new-mexico-sports-medicine-posterior-labral-repair,active,2026-07-25,111a38aca2e7,2026-07-25,https://hsc.unm.edu/medicine/departments/ortho-rehab/orthopaedics/fellowships/sports/_id_docs/_id_sports_protocols/posterior-labral-repair.pdf,Posterior Labral Repair (Arthroscopic or Open)
dbc9cc2cac88,shoulder-labral-repair,university-of-virginia-orthopaedic-posterior-labral-repair,active,2026-07-25,56e1b391c3e6,2026-07-25,https://med.virginia.edu/orthopaedic-surgery/wp-content/uploads/sites/242/2024/12/Posterior-Labral-Repair.pdf,Posterior Labral Repair
13e6279854b1,shoulder-labral-repair,university-of-virginia-orthopaedic-slap-repair-bankart-repair-biceps,active,2026-07-25,087d74451e6b,2026-07-25,https://med.virginia.edu/orthopaedic-surgery/wp-content/uploads/sites/242/2023/01/SLAP-or-Anterior-Labral-Repair.pdf,SLAP Repair / Bankart Repair / Biceps Tenodesis (2023 Update)
6df0e0002e81,shoulder-labral-repair,university-of-washington-medical-center-bankart-repair-and-slap-repair,active,2026-07-25,5fb0b8a27e6e,2026-07-25,https://faculty.washington.edu/alexbert/Shoulder/Handouts/WarmePT/WarmeBankartSLAPProtocol.pdf,Bankart Repair and SLAP Repair
f4ca1fe9286a,shoulder-stabilization,mammoth-orthopedic-institute-sierra-global-shoulder-stabilization,active,2026-07-25,c4d5b7378b20,2026-07-25,https://www.mammothortho.com/pdf/shouder-global-stabalization-around-the-world-protocol.pdf,Global Shoulder Stabilization — Multi-Directional and Chronic Instability
9a4c931a15fb,shoulder-stabilization,mammoth-orthopedic-institute-sierra-posterior-posterior-inferior,active,2026-07-25,887774085da5,2026-07-25,https://www.mammothortho.com/pdf/shoulder-posterior-and-posterior-capsular-shift.pdf,Posterior / Posterior-Inferior Capsular Shift
c3fd1ae30b4f,shoulder-stabilization,massachusetts-general-hospital-latarjet-procedure,active,2026-07-25,b34632e8599a,2026-07-25,https://www.massgeneral.org/assets/MGH/pdf/orthopaedics/sports-medicine/physical-therapy/rehabilitation-protocol-for-latarjet.pdf,Latarjet Procedure
a5bb4fc3be82,shoulder-stabilization,mountain-orthopaedics-arthroscopic-bankart-repair,active,2026-07-25,980812e792af,2026-07-25,https://s43932.pcdn.co/wp-content/uploads/sites/206/2024/11/ARTHROSCOPIC-BANKART-REPAIR-STANDARD-REHAB-PROTOCOL.pdf,Arthroscopic Bankart Repair
3cae088a2baa,shoulder-stabilization,mountain-orthopaedics-arthroscopic-capsulorrhaphy-posterior,active,2026-07-25,7c683b9687b5,2026-07-25,https://s43932.pcdn.co/wp-content/uploads/sites/206/2024/11/ARTHROSCOPIC-CAPSULORRAPHY-POSTERIOR-BANKART-REPAIRS.pdf,Arthroscopic Capsulorrhaphy Posterior Bankart Repair
1ceadb84a9ec,shoulder-stabilization,university-orthopedics-brown-university-bankart-repair-anterior,active,2026-07-25,df4d41e8769a,2026-07-25,https://universityorthopedics.com/assets/shoulder/Bankart-Repair-Protocol.pdf,Bankart Repair (Anterior Stabilization)
698e298af0ed,shoulder-stabilization,university-orthopedics-brown-university-posterior-capsulorrhaphy,active,2026-07-25,d2b1ad60c16d,2026-07-25,https://universityorthopedics.com/assets/shoulder/Reverse-Bankart-Repair-Protocol.pdf,Posterior Capsulorrhaphy / Reverse Bankart Repair
3a3d8268d0a2,shoulder-stabilization,university-orthopedics-brown-university-slap-repair-isolated,active,2026-07-25,424e4ef6974b,2026-07-25,https://universityorthopedics.com/assets/shoulder/Isolated-Slap-Repair-Protocol.pdf,SLAP Repair (Isolated)
b02264ad6745,shoulder-stabilization,uw-health-sports-medicine-arthroscopic-capsular-shift-multi,active,2026-07-25,83a7f94928aa,2026-07-25,https://bynder.uwhealth.org/m/8cb8234c2f2d2767/original/Rehab-Guideline-Capsular-Shift.pdf,Arthroscopic Capsular Shift (Multi-Directional Instability)
221819a4f4fe,shoulder-stabilization,uw-health-sports-medicine-distal-tibial-allograft-dta-anterior,active,2026-07-25,97453b08c4cb,2026-07-25,https://bynder.uwhealth.org/asset/3a86c051-74b4-4b58-953b-e35a5966ca0a/Rehab-guideline-DTA-Shoulder-Stabilization.pdf,Distal Tibial Allograft (DTA) Anterior Shoulder Stabilization
76cbb67cce49,si-joint-fusion,axis-spine-center,active,2026-07-25,6697b273eedf,2026-07-25,https://axisspinecenter.com/wp-content/uploads/2022/03/SI-Joint-Fusion-PT-Protocol.pdf,SI Joint Fusion
11c0b3275431,slap-lesion-repair,sanford-health-slap-lesion-repair-arthroscopic,active,2026-07-25,34dbcb858522,2026-07-25,https://www.sanfordhealth.org/-/media/org/files/medical-professionals/resources-and-education/arthroscopic-slap-lesion-repair.pdf,SLAP Lesion Repair (Arthroscopic)
fe84078133a9,slap-repair,dr-michael-c-fu-md-hospital-for-special-slap-ii-repair,active,2026-07-25,d0e57721526b,2026-07-25,https://static1.squarespace.com/static/5f4aeeb4071f03320cf2138a/t/5f4d0d90a71322695fb8e714/1598885265090/HSS+SLAP.pdf,SLAP II Repair
65c876bd6065,slap-repair,iortho-type-ii,active,2026-07-25,ebccc3bb5338,2026-07-25,https://iorthomd.com/wp-content/uploads/2024/09/Rehabilitation-Plan-for-SLAP-Repair-Type-II.pdf,Type II
4ce173f507d6,slap-repair,lahey-hospital-and-medical-center-superior-labral-lesion-anterior-to,active,2026-07-25,5dde2712b750,2026-07-25,https://www.lahey.org/-/media/files/lhmc/orthopedics/shoulder/lhmc-superior-labral-lesion-anterior-to-posterior-repair.pdf,SLAP Repair (Superior Labral Lesion Anterior to Posterior)
a6203d4308b4,slap-repair,mammoth-orthopedic-institute-sierra-type-ii-iv,active,2026-07-25,9f65386f38cf,2026-07-25,https://www.mammothortho.com/pdf/shoulder-slap-ii-iv.pdf,SLAP Repair (Type II-IV)
2eac3880bac1,slap-repair,mountain-orthopaedics,active,2026-07-25,68f627798edf,2026-07-25,https://s43932.pcdn.co/wp-content/uploads/sites/206/2024/11/SLAP-REPAIR-Physical-Therapy-Protocols_compressed-1.pdf,SLAP Repair
96ae75580507,slap-repair,orthopaedic-associates-of-maine-reconstruction,active,2026-07-25,86e97484fb64,2026-07-25,https://octanecdn.com/growthortho/growthortho_953042166.pdf,Reconstruction
f74f9360718c,slap-repair,samaritan-athletic-medicine-sam-health-slap-lesion-repair-type-ii,active,2026-07-25,432450002d1f,2026-07-25,https://samhealth.org/wp-content/uploads/Rehabilitation-Guidelines-for-SLAP-Shoulder-Repair-338.pdf,SLAP Lesion Repair (Type II)
2d25dc0c6c16,slap-repair,university-of-delaware-physical-therapy-grade-ii-iv,active,2026-07-25,208d79b18efc,2026-07-25,https://bpb-us-w2.wpmucdn.com/sites.udel.edu/dist/c/3448/files/2016/01/SLAP-Repair.pdf,SLAP Repair (Grade II / IV)
7a32cd312b75,slap-repair,uw-health-sports-medicine-slap-lesion-repair,active,2026-07-25,fc0669be8947,2026-07-25,https://bynder.uwhealth.org/m/67b42efd89661124/original/Rehab-Guideline-SLAP-Lesion-Repair.pdf,SLAP Lesion Repair
19d22cea4047,soft-tissue-lengthening,childrens-colorado-center-for-gait-and-adductor-tendon-lengthening,active,2026-07-25,5a3b78225fad,2026-07-25,https://www.childrenscolorado.org/globalassets/departments/orthopedics/pt-protocols.pdf#page=3,Adductor Tendon Lengthening (Percutaneous)
e28ee2a0ae9c,soft-tissue-lengthening,childrens-colorado-center-for-gait-and-hamstring-lengthening,active,2026-07-25,339b47edcf3c,2026-07-25,https://www.childrenscolorado.org/globalassets/departments/orthopedics/pt-protocols.pdf#page=6,Hamstring Lengthening (Percutaneous)
f49c3b411576,soft-tissue-lengthening,childrens-colorado-center-for-gait-and-hamstring-lengthening-open-z,active,2026-07-25,b33a9c71ec78,2026-07-25,https://www.childrenscolorado.org/globalassets/departments/orthopedics/pt-protocols.pdf#page=5,Hamstring Lengthening (Open Z-Plasty and Fractional)
aca693703aad,soft-tissue-lengthening,childrens-colorado-center-for-gait-and-iliopsoas-lengthening,active,2026-07-25,90523ad387a7,2026-07-25,https://www.childrenscolorado.org/globalassets/departments/orthopedics/pt-protocols.pdf#page=2,Iliopsoas Lengthening (Intramuscular at Pelvic Brim)
53efe70dc210,soft-tissue-lengthening,childrens-colorado-center-for-gait-and-intramuscular-rectus-femoris,active,2026-07-25,dcd9834ee4bc,2026-07-25,https://www.childrenscolorado.org/globalassets/departments/orthopedics/pt-protocols.pdf#page=27,Intramuscular Rectus Femoris Lengthening (at AIIS)
4bc3c937a734,soft-tissue-lengthening,childrens-colorado-center-for-gait-and-peroneus-brevis-fractional,active,2026-07-25,c7d61c69b337,2026-07-25,https://www.childrenscolorado.org/globalassets/departments/orthopedics/pt-protocols.pdf#page=11,Peroneus Brevis Fractional Intramuscular Lengthening
093d9c6e7735,soft-tissue-lengthening,childrens-colorado-center-for-gait-and-strayer-volpius-gastrocnemius,active,2026-07-25,8c7b045e9e89,2026-07-25,https://www.childrenscolorado.org/globalassets/departments/orthopedics/pt-protocols.pdf#page=10,Strayer/Volpius Gastrocnemius-Soleus Intramuscular Lengthening
8d091a1a8c97,soft-tissue-lengthening,childrens-colorado-center-for-gait-and-tendo-achilles-lengthening-tal,active,2026-07-25,653c17d2cf58,2026-07-25,https://www.childrenscolorado.org/globalassets/departments/orthopedics/pt-protocols.pdf#page=9,Tendo-Achilles Lengthening (TAL) Percutaneous
f380c6875f45,spinal-instability-spondylolysis,massachusetts-general-hospital-spinal-instability-spondylolysis-non,active,2026-07-25,c59f86d88535,2026-07-25,https://www.massgeneral.org/assets/MGH/pdf/orthopaedics/sports-medicine/physical-therapy/rehabilitation-protocol-conservative-management-of-spinal-instability.pdf,Spinal Instability / Spondylolysis (Non-Operative)
b09176b7e7a1,spondylolysis-spondylolisthesis,massachusetts-general-hospital,active,2026-07-25,335f9cce0095,2026-07-25,https://www.massgeneral.org/assets/MGH/pdf/orthopaedics/sports-medicine/physical-therapy/pediatric-Conservative-Management-of-Spondylolysis-and-Spondylolisthesis.pdf,Spondylolysis / Spondylolisthesis — Conservative Management (Youth Athlete)
25169dfdb9d2,standard-meniscal-repair,sanford-health,active,2026-07-25,e0dfb238fa92,2026-07-25,https://www.sanfordhealth.org/-/media/org/files/medical-professionals/resources-and-education/standard-meniscal-repair-guideline-2.pdf,Standard Meniscal Repair
b1db9183eda4,stress-fracture,sanford-health-stress-fracture-non-operative,active,2026-07-25,70b26a463ac7,2026-07-25,https://www.sanfordhealth.org/-/media/org/files/medical-professionals/resources-and-education/stress-fracture-guideline.pdf,Stress Fracture (Non-Operative)
78c37fc860b8,subacromial-decompression,dr-michael-c-fu-md-hospital-for-special-arthroscopic-debridement,active,2026-07-25,852273d75ead,2026-07-25,https://static1.squarespace.com/static/5f4aeeb4071f03320cf2138a/t/5f4d0a499e682a51d9a604b8/1598884425696/SAD+DCE.pdf,Arthroscopic Debridement / Subacromial Decompression / Distal Clavicle Excision
0a6ca2e4d77a,subacromial-decompression,saint-louis-university-slucare-partial-rc-debridement-distal-clavicle,active,2026-07-25,cc2e3e624116,2026-07-25,https://www.slu.edu/medicine/orthopaedic-surgery/sports-medicine/-pdf/shoulder-subacromial-decompression-and-distal-clavicle-excision.pdf,Subacromial Decompression / Partial RC Debridement / Distal Clavicle Excision
4144d1c28322,subacromial-decompression,sutter-health-palo-alto-medical-distal-clavicle-excision-biceps,active,2026-07-25,8b4eadc93bc4,2026-07-25,https://www.kevinrothmd.com/pdfs/sad-dce-bt-protocol-2024.pdf,Subacromial Decompression / Distal Clavicle Excision / Biceps Tenotomy or Tenodesis
6f1667a2cc92,subacromial-decompression,ucla-department-of-orthopaedic-surgery-distal-clavicle-excision,active,2026-07-25,7f2649fab42b,2026-07-25,https://sa1s3.patientpop.com/assets/docs/333919.pdf,Subacromial Decompression / Distal Clavicle Excision
650790a1306c,subacromial-decompression,university-of-delaware-physical-therapy-with-or-without-distal,active,2026-07-25,2ca0b736a04c,2026-07-25,https://bpb-us-w2.wpmucdn.com/sites.udel.edu/dist/c/3448/files/2016/01/Subacromial-Decompression-with-or-without-Distal-Clavicle-Excision.pdf,Subacromial Decompression (with or without Distal Clavicle Excision)
5ed44416063d,subacromial-decompression,university-of-virginia-orthopaedic-general-shoulder-arthroscopy,active,2026-07-25,02919ad7bdca,2026-07-25,https://med.virginia.edu/orthopaedic-surgery/wp-content/uploads/sites/242/2023/01/Shoulder-arthroscopy-General.pdf,General Shoulder Arthroscopy (Debridement / Subacromial Decompression / Distal Clavicle Resection)
9445adef5678,subscapularis-repair,iortho,active,2026-07-25,131a62c35d47,2026-07-25,https://iorthomd.com/wp-content/uploads/2024/09/Recovery-Plan-for-Subscapularis-Repair.pdf,Subscapularis Repair
20dac839bc1b,subscapularis-repair,sutter-health-palo-alto-medical,active,2026-07-25,82726e8284f8,2026-07-25,https://www.kevinrothmd.com/pdfs/subscapularis-repair-protocol.pdf,Subscapularis Repair
4c89428412c8,superior-capsule-reconstruction,orthopaedic-associates-of-maine,active,2026-07-25,cd70c84783cb,2026-07-25,https://octanecdn.com/growthortho/growthortho_104409532.pdf,Superior Capsule Reconstruction
67f0fe1ab83f,surgical-hip-dislocation,uw-health-sports-medicine,active,2026-07-25,346cc94b604a,2026-07-25,https://bynder.uwhealth.org/m/877047b95ee89fc7/original/Rehab-Guideline-Surgical-Hip-Dislocation.pdf,Surgical Hip Dislocation
02f65eeb1c4c,talus-ocd-repair,sanford-health-talus-ocd-repair-osteochondral-defect,active,2026-07-25,133fe7063e0f,2026-07-25,https://www.sanfordhealth.org/-/media/org/files/medical-professionals/resources-and-education/surgical-repair-of-talus-ocd.pdf,Talus OCD Repair (Osteochondral Defect)
2bc58143e8cb,tendon-repair,university-orthopedics-brown-university-achilles-tendon-repair,active,2026-07-25,5e1c2b223ba0,2026-07-25,https://universityorthopedics.com/assets/achillestendonrepair.pdf,Achilles Tendon Repair
f385f1790bde,tendon-repair,university-orthopedics-brown-university-pectoralis-major-repair,active,2026-07-25,3e882cfb0b91,2026-07-25,https://universityorthopedics.com/assets/shoulder/PECTORALIS-MAJOR-REPAIR.pdf,Pectoralis Major Repair
982385deca2c,tendon-transfer,childrens-colorado-center-for-gait-and-rectus-femoris-transfer-to,active,2026-07-25,986fbce0afd2,2026-07-25,https://www.childrenscolorado.org/globalassets/departments/orthopedics/pt-protocols.pdf#page=4,Rectus Femoris Transfer to Medial Hamstrings
f11a81e5df57,tendon-transfer,childrens-colorado-center-for-gait-and-rectus-femoris-transfer-with,active,2026-07-25,a93a7f4262d6,2026-07-25,https://www.childrenscolorado.org/globalassets/departments/orthopedics/pt-protocols.pdf#page=32,Rectus Femoris Transfer with Distal Femoral Extension Osteotomy
a691bebc70d8,tendon-transfer,childrens-colorado-center-for-gait-and-split-anterior-tibial-tendon,active,2026-07-25,fd6e73827f6d,2026-07-25,https://www.childrenscolorado.org/globalassets/departments/orthopedics/pt-protocols.pdf#page=8,Split Anterior Tibial Tendon Transfer to Cuboid
315099fa90c3,tendon-transfer,childrens-colorado-center-for-gait-and-split-posterior-tibialis-tendon,active,2026-07-25,509a486c9d1a,2026-07-25,https://www.childrenscolorado.org/globalassets/departments/orthopedics/pt-protocols.pdf#page=7,Split Posterior Tibialis Tendon Transfer to Peroneus Brevis
4163a737b24d,tendon-transfer,dr-michael-c-fu-md-hospital-for-special-lower-trapezius-tendon,active,2026-07-25,03534e82b49c,2026-07-25,https://static1.squarespace.com/static/5f4aeeb4071f03320cf2138a/t/6178a11234e1607622e5d898/1635295506229/Lower+trapezius+transfer.pdf,Lower Trapezius Tendon Transfer
0771669d8620,tendon-transfer,lahey-hospital-and-medical-center-latissimus-dorsi-tendon-transfer,active,2026-07-25,5af7deb15695,2026-07-25,https://www.lahey.org/-/media/files/lhmc/orthopedics/shoulder/lhmc-latissimus-dorsi-tendon-transfer.pdf,Latissimus Dorsi Tendon Transfer
08171357d9ed,tendon-transfer,massachusetts-general-hospital-anterior-latissimus-dorsi-transfer,active,2026-07-25,e764feb5e726,2026-07-25,https://www.massgeneral.org/assets/MGH/pdf/orthopaedics/sports-medicine/physical-therapy/rehabilitation-protocol-for-anterior-latissimus-dorsi-transfer-protocol.pdf,Anterior Latissimus Dorsi Transfer
15ef19233d13,tendon-transfer,massachusetts-general-hospital-lower-trapezius-tendon-transfer,active,2026-07-25,081442bada05,2026-07-25,https://www.massgeneral.org/assets/MGH/pdf/orthopaedics/sports-medicine/physical-therapy/rehabilitation-protocol-for-lower-trapezius-tendon-transfer.pdf,Lower Trapezius Tendon Transfer
e773d622d7fa,tendon-transfer,nyu-langone-health-lower-trapezius-tendon-transfer,active,2026-07-25,e02b317bb961,2026-07-25,https://www.orthopedicsurgerybrooklyn.com/wp-content/uploads/2025/01/Lower-Trapezius-Tendon-Transfer-Rehabilitation-Protocol.pdf,Lower Trapezius Tendon Transfer
809ccba8e378,tendon-transfer,university-of-colorado-anschutz-cu-lower-trapezius-tendon-transfer,active,2026-07-25,dd4bcd03f1ed,2026-07-25,https://medschool.cuanschutz.edu/docs/librariesprovider65/eric-mccarty/documents/lower-trap-transfer-(002).pdf?sfvrsn=1917a7bb_0,Lower Trapezius Tendon Transfer
7e67dace43de,tendon-transfer,university-of-virginia-orthopaedic-rotator-cuff-repair-with-pectoralis,active,2026-07-25,f4768886467c,2026-07-25,https://med.virginia.edu/orthopaedic-surgery/wp-content/uploads/sites/242/2024/12/Pec-Tendon-Transfer.pdf,Rotator Cuff Repair with Pectoralis Major Tendon Transfer (Open)
6e1b005484aa,tendon-transfer,uw-health-orthopedic-surgery-unitypoint-thumb-epl-tendon-protocol,active,2026-07-25,e4e57a127c57,2026-07-25,https://bynder.uwhealth.org/m/8ef810c2a9aa43c1/original/Rehab-Guideline-Thumb-Extension-Tendon-Transfer.pdf,Thumb EPL Tendon Transfer — Early Active Motion
6d72d1dd6911,tendon-transfer,uw-health-orthopedic-surgery-unitypoint-thumb-epl-tendon-transfer,active,2026-07-25,6f8866aa00e3,2026-07-25,https://bynder.uwhealth.org/m/8ef810c2a9aa43c1/original/Rehab-Guideline-Thumb-Extension-Tendon-Transfer.pdf,Thumb EPL Tendon Transfer — Conservative
219e077e9e5b,tfcc-debridement,university-of-virginia-orthopaedic-tfcc-triangular-fibrocartilage,active,2026-07-25,ae82f74a537b,2026-07-25,https://med.virginia.edu/orthopaedic-surgery/wp-content/uploads/sites/242/2024/09/TFCC-Debridement.pdf,TFCC (Triangular Fibrocartilage Complex) Debridement
641366a456e2,tfcc-debridement,uw-health-tfcc-central-tear-surgical-debridement,active,2026-07-25,a7c077765876,2026-07-25,https://bynder.uwhealth.org/m/3b70754fe51df848/original/Rehab-Guideline-TFCC-Central-Tear-Surgical-Debridement.pdf,TFCC Central Tear Surgical Debridement
4ae132e0d475,tfcc-peripheral-repair,university-of-virginia-orthopaedic-tfcc-triangular-fibrocartilage,active,2026-07-25,2308622aa956,2026-07-25,https://med.virginia.edu/orthopaedic-surgery/wp-content/uploads/sites/242/2024/09/TFCC-Peripheral-Repair.pdf,TFCC (Triangular Fibrocartilage Complex) Peripheral Repair
033953dd31cb,tfcc-peripheral-repair,uw-health-tfcc-peripheral-tear-surgical-repair,active,2026-07-25,19df792d8f87,2026-07-25,https://bynder.uwhealth.org/m/9a797ebeb0c48274/original/Rehab-Guideline-TFCC-Peripheral-Tear-Surgical-Repair.pdf,TFCC Peripheral Tear Surgical Repair
a740aa709646,thoracolumbar-spinal-fusion,ohio-state-university-wexner-medical-posterior-thoracic-lumbar-fusion,active,2026-07-25,4f003732f658,2026-07-25,https://wexnermedical.osu.edu/-/media/files/wexnermedical/patient-care/healthcare-services/neurological-institute/ohio-state-spine-care/lumbar-t-pelvic-fusion-april-2022-branded.pdf?rev=0690be5921c24c60b175d87859426136&hash=559521D62F7544CAD573A6E114BD1D29,Posterior Thoracic-Lumbar Fusion (Spinal Deformity)
4d7b31c336ae,thumb-mcp-ligament-repair,university-of-virginia-orthopaedic-thumb-mcp-ucl-rcl-repair,active,2026-07-25,7a2e33ce85b8,2026-07-25,https://med.virginia.edu/orthopaedic-surgery/wp-content/uploads/sites/242/2024/09/Thumb-MCP-UCL_RCL-repair.pdf,Thumb MCP UCL/RCL Repair
9c004b46c048,thumb-ucl-non-operative,uw-health-orthopedic-surgery-unitypoint-conservative-treatment,active,2026-07-25,e8e22b27d2e2,2026-07-25,https://bynder.uwhealth.org/m/92cc672a72534d5e/original/Rehab-Guideline-Thumb-UCL-Injury-Conservative.pdf,Conservative Treatment
6f3f3e64d88f,tibial-osteotomy,childrens-colorado-center-for-gait-and-distal-tibial-rotational,active,2026-07-25,148ca3eaafe7,2026-07-25,https://www.childrenscolorado.org/globalassets/departments/orthopedics/pt-protocols.pdf#page=20,Distal Tibial Rotational Osteotomy
81bde3e7b3f4,tibial-plateau-fracture,mammoth-orthopedic-institute-sierra,active,2026-07-25,d7c76d491062,2026-07-25,https://www.mammothortho.com/pdf/tibial-plateau-fracture-gilmer.pdf,Tibial Plateau Fracture
dcbfc58ede0c,tibial-spine-avulsion-fracture-repair,saint-louis-university-slucare,active,2026-07-25,8812c385f466,2026-07-25,https://www.slu.edu/medicine/orthopaedic-surgery/sports-medicine/-pdf/tibial-spine-repair.pdf,Tibial Spine Avulsion Fracture Repair
e526a669f45b,tibial-tubercle-osteotomy,lahey-hospital-and-medical-center-tibial-tubercle-transfer-and-lateral,active,2026-07-25,1a5d989fc5ac,2026-07-25,https://www.lahey.org/-/media/files/lhmc/orthopedics/knee/lhmc-tib-tub-transfer-and-lateral-release.pdf,Tibial Tubercle Transfer and Lateral Release
1337f6584edd,tibial-tubercle-osteotomy,nyu-langone-health-tto,active,2026-07-25,1d419bf5754a,2026-07-25,https://www.orthopedicsurgerybrooklyn.com/wp-content/uploads/2024/07/Tibial-Tubercle-Osteotomy-TTO-Rehabilitation-Protocol-1.pdf,Tibial Tubercle Osteotomy (TTO)
69154cf318fb,tibial-tubercle-osteotomy,orthopaedic-associates-of-maine-elmslie-trillat,active,2026-07-25,a0f8f20df35e,2026-07-25,https://octanecdn.com/growthortho/growthortho_732010358.pdf,Elmslie-Trillat
90ae9d8d9477,tibial-tubercle-osteotomy,university-orthopedics-brown-university,active,2026-07-25,6f0d32ea0910,2026-07-25,https://universityorthopedics.com/assets/layout/TIBIAL-TUBERCLE-OSTEOTOMY.pdf,Tibial Tubercle Osteotomy
8f70fcf1c7b8,tibiofemoral-microfracture,saint-louis-university-slucare,active,2026-07-25,166892d8647c,2026-07-25,https://www.slu.edu/medicine/orthopaedic-surgery/sports-medicine/-pdf/knee-tibiofemoral-microfracture.pdf,Tibiofemoral Microfracture
cd9703ded946,total-ankle-arthroplasty,mammoth-orthopedic-institute-sierra-total-ankle-replacement,active,2026-07-25,f24997a3c2ae,2026-07-25,https://www.mammothortho.com/pdf/total-ankle.pdf,Total Ankle Replacement
622aadf69d07,total-ankle-arthroplasty,massachusetts-general-hospital,active,2026-07-25,57066ac77c3d,2026-07-25,https://www.massgeneral.org/assets/mgh/pdf/orthopaedics/sports-medicine/physical-therapy/rehabilitation-protocol-for-total-ankle-arthroplasty.pdf,Total Ankle Arthroplasty
d99ab50acf53,total-ankle-arthroplasty,sanford-health,active,2026-07-25,3fc6f074cf3c,2026-07-25,https://www.sanfordhealth.org/-/media/org/files/medical-professionals/resources-and-education/014000-00960-flyer-sosm-arthroplastry-post-surgical-guideline.pdf,Total Ankle Arthroplasty
56a167bec35f,total-elbow-arthroplasty,university-of-virginia-orthopaedic,active,2026-07-25,633bf11dbf80,2026-07-25,https://med.virginia.edu/orthopaedic-surgery/wp-content/uploads/sites/242/2024/09/Elbow-Total-Arthroplasty.pdf,Total Elbow Arthroplasty
51d799eac7c9,total-hip-arthroplasty,bogard-orthopedics-total-hip-arthroplasty-direct-anterior,active,2026-07-25,9157598c0cca,2026-07-25,https://www.bogardortho.com/pdf/pt-direct-anterior-tha.pdf,Total Hip Arthroplasty (Direct Anterior Approach)
fce02939bda6,total-hip-arthroplasty,brigham-and-womens-hospital-total-hip-arthroplasty-all-approaches,active,2026-07-25,944adb41fd66,2026-07-25,https://www.brighamandwomens.org/assets/BWH/patients-and-families/rehabilitation-services/pdfs/tha-protocol.pdf,Total Hip Arthroplasty (All Approaches)
d35420130fdf,total-hip-arthroplasty,dr-garrett-kerns-do-up-health-system-total-hip-arthroplasty-anterior,active,2026-07-25,63c340a3e8db,2026-07-25,https://www.drgarrettkerns.com/pdfs/rehabilitation-protocols/hip/total-hip-arthroplasty-protocol-anterior-approach.pdf,Total Hip Arthroplasty (Anterior Approach)
000e721069fe,total-hip-arthroplasty,dr-matt-byington-do-prairie-orthopaedic-total-hip-arthroplasty,active,2026-07-25,495622fc74b0,2026-07-25,https://www.drmattbyington.com/pdf/rehab-protocols/hip/mrb-rehab-postop-hip-total-hip-replacement-updated.pdf,Total Hip Arthroplasty (Anterolateral Approach)
ba63d3996623,total-hip-arthroplasty,lahey-hospital-and-medical-center-total-hip-arthroplasty-direct,active,2026-07-25,0d8ae7871a3c,2026-07-25,https://www.lahey.org/-/media/files/lhmc/orthopedics/hip/lhmc-total-hip-arthroplasty.pdf,Total Hip Arthroplasty (Direct Anterior Approach)
8220ee9cb49e,total-hip-arthroplasty,lahey-hospital-and-medical-center-total-hip-arthroplasty-lateral,active,2026-07-25,3bdd0cbb2602,2026-07-25,https://www.lahey.org/-/media/files/lhmc/orthopedics/hip/lhmc-total-hip-arthroplasty.pdf,Total Hip Arthroplasty (Lateral Approach)
bc4ff39faa29,total-hip-arthroplasty,lahey-hospital-and-medical-center-total-hip-arthroplasty-posterior,active,2026-07-25,8b21ec4837a9,2026-07-25,https://www.lahey.org/-/media/files/lhmc/orthopedics/hip/lhmc-total-hip-arthroplasty.pdf,Total Hip Arthroplasty (Posterior Approach)
73ba1a872b94,total-hip-arthroplasty,landstuhl-regional-medical-center-u-s-total-hip-arthroplasty-posterior,active,2026-07-25,88fdf41ba846,2026-07-25,https://landstuhl.tricare.mil/Portals/134/documents/Total%20Hip%20Replacement_English.pdf?ver=2020-10-13-132228-387,Total Hip Arthroplasty (Posterior Approach)
9e0566975f0b,total-hip-arthroplasty,mammoth-orthopedic-institute-mammoth-anterior-approach,active,2026-07-25,c98cb49b366b,2026-07-25,https://www.mammothortho.com/pdf/total-hip-arthroplasty-new.pdf,Total Hip Arthroplasty — Anterior Approach
81fbd1bafe80,total-hip-arthroplasty,massachusetts-general-hospital-total-hip-arthroplasty-anterior,active,2026-07-25,2b74e0d5ba04,2026-07-25,https://www.massgeneral.org/assets/mgh/pdf/orthopaedics/sports-medicine/physical-therapy/rehabilitation-protocol-for-total-hip-arthroplasty.pdf,Total Hip Arthroplasty (Anterior Approach)
9614b6c8c99f,total-hip-arthroplasty,ortho-rhode-island-total-hip-arthroplasty-posterior,active,2026-07-25,94501b6103c2,2026-07-25,https://www.orthopedicsri.com/wp-content/uploads/2024/05/ORI_Post-Op_Rehab_Protocols_THA.pdf,Total Hip Arthroplasty (Posterior Approach)
dd393c930037,total-hip-arthroplasty,orthopedic-and-sports-medicine-total-hip-arthroplasty-anterior,active,2026-08-02,5b8b01633677,2026-08-02,https://osmsgb.s3.amazonaws.com/wp-content/uploads/2022/06/06111515/OSMSPT.AnteriorTHA.pdf,Total Hip Arthroplasty (Anterior Approach)
01c8121c0f06,total-hip-arthroplasty,orthopedic-and-sports-medicine-total-hip-arthroplasty-posterior,active,2026-08-02,f2a81e51148e,2026-08-02,https://osmsgb.s3.amazonaws.com/wp-content/uploads/2021/06/06115431/OSMSPT.THA_.pdf,Total Hip Arthroplasty (Posterior Approach)
926e401ed5ee,total-hip-arthroplasty,salina-regional-orthopedic-clinic-total-hip-arthroplasty-anterior,active,2026-07-25,e7053150bb40,2026-07-25,https://salinaregionalorthopedicclinic.com/documents/89/THA_Anterior_Approach_Protocol_FnS5gPe.pdf,Total Hip Arthroplasty (Anterior Approach)
8ffb8868aa15,total-hip-arthroplasty,sanford-health-total-hip-arthroplasty-anterior-approach,active,2026-07-25,4d1f3b43a45d,2026-07-25,https://www.sanfordhealth.org/-/media/org/files/medical-professionals/resources-and-education/anterior-total-hip-guideline-final.pdf,Total Hip Arthroplasty (Anterior Approach)
8077396613c6,total-hip-arthroplasty,sanford-health-total-hip-arthroplasty-posterior,active,2026-07-25,7b72bdfe8f67,2026-07-25,https://www.sanfordhealth.org/-/media/org/files/medical-professionals/resources-and-education/total-hip-arthroplasty-rehabilitation-guideline-posterior.pdf,Total Hip Arthroplasty (Posterior Approach)
bcb1580a3bd7,total-hip-arthroplasty,south-shore-orthopedics-south-shore-total-hip-arthroplasty-posterior,active,2026-07-25,dcaef88bc1c6,2026-07-25,https://www.southshoreorthopedics.com/tha-protocol-2019/,Total Hip Arthroplasty (Posterior Approach)
b9fcc65a912d,total-hip-arthroplasty,stl-ortho-specialists-total-hip-arthroplasty-anterior-approach,active,2026-07-25,c94c2b4995ab,2026-07-25,https://www.stlorthospecialists.com/wp-content/uploads/2019/05/Anterior-Total-Hip-Arthroscopy-Protocol.pdf,Total Hip Arthroplasty (Anterior Approach)
9474373b9579,total-hip-arthroplasty,tri-cities-joint-surgeon-total-hip-arthroplasty-anterior-approach,active,2026-07-25,7778892bf830,2026-07-25,https://www.tricitiesjointsurgeon.com/pdf/total-hip-arthroplasty-protocol-anterior-approach.pdf,Total Hip Arthroplasty (Anterior Approach)
fa705ff7a11f,total-hip-arthroplasty,university-hospitals-total-hip-arthroplasty-all-approaches,active,2026-07-25,bf7479af7bdd,2026-07-25,https://www.uhhospitals.org/-/media/files/services/rehabilitation/total-hip-arthroplasty-rehabilitation-post-operative-guidelines.pdf,Total Hip Arthroplasty (All Approaches)
63dcbfa204c0,total-hip-replacement,orthopaedic-associates-of-maine-anterolateral-approach,active,2026-07-25,a5a736003fe1,2026-07-25,https://octanecdn.com/growthortho/growthortho_614884760.pdf,Anterolateral Approach
ad9ebdb4d643,total-hip-replacement,orthopaedic-associates-of-maine-cementless,active,2026-07-25,4b754ceb6adb,2026-07-25,https://octanecdn.com/growthortho/growthortho_182309521.pdf,Cementless
6251288ea1e9,total-hip-replacement,orthopaedic-associates-of-maine-direct-superior-approach,active,2026-07-25,9f03f453652d,2026-07-25,https://octanecdn.com/growthortho/growthortho_800416349.pdf,Direct Superior Approach
007e224babb3,total-knee-arthroplasty,brigham-and-womens-faulkner-hospital-total-knee-arthroplasty-tka,active,2026-07-25,765b225bf1c8,2026-07-25,https://www.brighamandwomensfaulkner.org/assets/BWH/patients-and-families/rehabilitation-services/pdfs/tka-Protocol.pdf,Total Knee Arthroplasty (TKA)
fbe16a4aa701,total-knee-arthroplasty,brigham-and-womens-hospital-total-knee-arthroplasty-tka,active,2026-07-25,124bd5248a39,2026-07-25,https://www.brighamandwomens.org/assets/bwh/patients-and-families/rehabilitation-services/pdfs/knee-tkr-protocol-bwh.pdf,Total Knee Arthroplasty (TKA)
92e95c1c90a6,total-knee-arthroplasty,insall-scott-kelly-institute-total-knee-arthroplasty-tka,active,2026-07-25,01a8b009259a,2026-07-25,https://www.iskinstitute.com/pdf/pdf_forms/TKA%20Rehab%20Protocol.pdf,Total Knee Arthroplasty (TKA)
3ca41d6e4917,total-knee-arthroplasty,lahey-hospital-and-medical-center-total-knee-arthroplasty-tka,active,2026-07-25,b3e649fb6e2c,2026-07-25,https://www.lahey.org/-/media/files/lhmc/orthopedics/knee/lhmc-total-knee-arthroplasty.pdf,Total Knee Arthroplasty (TKA)
74b066ecaad6,total-knee-arthroplasty,mammoth-orthopedic-institute-mammoth-tka,active,2026-07-25,012ff56b0933,2026-07-25,https://www.mammothortho.com/pdf/total-knee-arthroplasty-new.pdf,Total Knee Arthroplasty (TKA)
ac06e108e8fc,total-knee-arthroplasty,massachusetts-general-hospital-total-knee-arthroplasty-tka,active,2026-07-25,263e7dc8697d,2026-07-25,https://www.massgeneral.org/assets/mgh/pdf/orthopaedics/sports-medicine/physical-therapy/rehabilitation-protocol-for-total-knee-arthroplasty.pdf,Total Knee Arthroplasty (TKA)
a39260f0eaca,total-knee-arthroplasty,mountain-orthopaedics,active,2026-07-25,9569cd0e033b,2026-07-25,https://s43932.pcdn.co/wp-content/uploads/sites/206/2024/12/Total-Knee-Arthroplasty-.pdf,Total Knee Arthroplasty
95f3be739830,total-knee-arthroplasty,ohio-state-university-wexner-medical-total-knee-arthroplasty-tka,active,2026-07-25,baa5e0b59297,2026-07-25,https://hrs.osu.edu/-/media/files/wexnermedical/patient-care/healthcare-services/sports-medicine/education/medical-professionals/knee-ankle-and-foot/tka-final-122019.pdf,Total Knee Arthroplasty (TKA)
30aaae12db35,total-knee-arthroplasty,ohsu-health-total-knee-arthroplasty-tka,active,2026-07-25,1ff35380ea88,2026-07-25,https://www.ohsu.edu/sites/default/files/2023-11/OHSU-Rehab-Protocols-Total-Knee-Nov2023.pdf,Total Knee Arthroplasty (TKA)
6844467b275d,total-knee-arthroplasty,sanford-health-total-knee-arthroplasty-tka,active,2026-07-25,28f36b400ed9,2026-07-25,https://www.sanfordhealth.org/-/media/org/files/medical-professionals/resources-and-education/6-total-knee-arthroplasty-rehabilitation-guideline.pdf,Total Knee Arthroplasty (TKA)
ba1af1d101ed,total-knee-arthroplasty,south-shore-orthopedics-south-shore-total-knee-arthroplasty-tka,active,2026-07-25,3fc5d44841eb,2026-07-25,https://www.southshoreorthopedics.com/tka-protocol-2019/,Total Knee Arthroplasty (TKA)
fa13811975df,total-knee-arthroplasty,university-of-delaware-physical-therapy-unilateral-total-knee,active,2026-07-25,854c04def746,2026-07-25,https://bpb-us-w2.wpmucdn.com/sites.udel.edu/dist/c/3448/files/2016/01/TKA-Protocols-updated-3_2021.pdf,Unilateral Total Knee Arthroplasty (TKA)
de9f4d303000,total-knee-arthroplasty,university-orthopedics-brown-university-total-knee-arthroplasty-tka,active,2026-07-25,ab41ef75fcb6,2026-07-25,https://universityorthopedics.com/assets/knee/PT-knee-protocol.pdf,Total Knee Arthroplasty (TKA)
fc68bc462783,total-knee-replacement,orthopaedic-associates-of-maine,active,2026-07-25,6357bddb6fc9,2026-07-25,https://octanecdn.com/growthortho/growthortho_509355949.pdf,Total Knee Replacement
f4d69b0b5461,total-shoulder-arthroplasty,boston-shoulder-institute-massachusetts-tsa,active,2026-07-25,7097d8b2a7b1,2026-07-25,https://bostonshoulderinstitute.com/wp-content/uploads/2020/04/PT-TSA.pdf,Total Shoulder Arthroplasty (TSA)
459af0d8d971,total-shoulder-arthroplasty,brigham-and-womens-hospital-tsa-hemiarthroplasty,active,2026-07-25,dca5fdfe8371,2026-07-25,https://www.brighamandwomens.org/assets/bwh/patients-and-families/rehabilitation-services/pdfs/shoulder-total-shoulder-arthroplasty-protocol.pdf,Total Shoulder Arthroplasty (TSA) / Hemiarthroplasty
9008f09f1def,total-shoulder-arthroplasty,dr-michael-c-fu-md-hospital-for-special-anatomic-total-shoulder,active,2026-07-25,89b27669a001,2026-07-25,https://static1.squarespace.com/static/5f4aeeb4071f03320cf2138a/t/5f4d03780acc3a6197b98747/1598882680950/TSA+rev2.pdf,Anatomic Total Shoulder Arthroplasty
f8114809c870,total-shoulder-arthroplasty,lahey-hospital-and-medical-center-hemiarthroplasty,active,2026-07-25,466920eee11b,2026-07-25,https://www.lahey.org/-/media/files/lhmc/orthopedics/shoulder/lhmc-shoulder-arthroplasty-hemiarthroplasty.pdf,Total Shoulder Arthroplasty / Hemiarthroplasty
72cbbc520322,total-shoulder-arthroplasty,mammoth-orthopedic-institute-sierra,active,2026-07-25,0842147e91fb,2026-07-25,https://www.mammothortho.com/pdf/shoulder-total-shoulder-arthroplasty.pdf,Total Shoulder Arthroplasty
7d057f92172d,total-shoulder-arthroplasty,massachusetts-general-hospital-tsa-hemiarthroplasty,active,2026-07-25,f8e26a9198c9,2026-07-25,https://www.massgeneral.org/assets/mgh/pdf/orthopaedics/sports-medicine/physical-therapy/rehabilitation-protocol-for-total-shoulder-arthroplasty-and-hemi.pdf,Total Shoulder Arthroplasty (TSA) / Hemiarthroplasty
094eb2626ce5,total-shoulder-arthroplasty,mountain-orthopaedics-tsa,active,2026-07-25,600d901fb549,2026-07-25,https://s43932.pcdn.co/wp-content/uploads/sites/206/2024/11/Total-Shoulder-Arthroplasty-Rehabilitation-Protocol.pdf,Total Shoulder Arthroplasty (TSA)
cf8113409315,total-shoulder-arthroplasty,nyu-langone-health-anatomic-total-shoulder-arthroplasty,active,2026-07-25,600b79a8301b,2026-07-25,https://www.orthopedicsurgerybrooklyn.com/wp-content/uploads/2025/01/Anatomic-Total-Shoulder-Rehabilitation-Protocol.pdf,Anatomic Total Shoulder Arthroplasty (aTSA)
ea805ad35f6b,total-shoulder-arthroplasty,ohio-state-university-wexner-medical-tsa,active,2026-07-25,83148cb9b19f,2026-07-25,https://wexnermedical.osu.edu/-/media/files/wexnermedical/patient-care/healthcare-services/sports-medicine/education/medical-professionals/shoulder-and-elbow/totalshoulderarthroplasty.pdf?la=en&hash=ED0F2B267F31E3E578CE73247D4BB9215F07FDF8,Total Shoulder Arthroplasty (TSA)
37d7a658b592,total-shoulder-arthroplasty,saint-louis-university-slucare-anatomic-tsa,active,2026-07-25,796c4f7326cc,2026-07-25,https://www.slu.edu/medicine/orthopaedic-surgery/sports-medicine/-pdf/slu-anatomic-tsa-final.pdf,Anatomic (TSA)
eea19d54b1eb,total-shoulder-arthroplasty,sanford-health-total-shoulder-arthroplasty-tsa,active,2026-07-25,d8eb93fd5f05,2026-07-25,https://www.sanfordhealth.org/-/media/org/files/medical-professionals/resources-and-education/post-operative-total-shoulder-arthroplasty-rehabilitation-guideline.pdf,Total Shoulder Arthroplasty (TSA)
bf92e366e64e,total-shoulder-arthroplasty,the-steadman-clinic-hemiarthroplasty,active,2026-07-25,ec47da52ebe9,2026-07-25,https://drmillett.com/wp-content/uploads/2014/03/Total-Shoulder-Arthroplasty-Hemiarthroplasty-Protocol.pdf,Total Shoulder Arthroplasty / Hemiarthroplasty
c049c667e2c0,total-shoulder-arthroplasty,university-hospitals-tsa,active,2026-07-25,ea0821708af3,2026-07-25,https://www.uhhospitals.org/-/media/files/services/rehabilitation/total-shoulder-arthroplasty-rehabilitation-post-operative-guidelines.pdf,Total Shoulder Arthroplasty (TSA)
a25ef9fcb801,total-shoulder-arthroplasty,university-of-virginia-orthopaedic-tsa-updated-2024,active,2026-07-25,8c4d4fc98855,2026-07-25,https://med.virginia.edu/orthopaedic-surgery/wp-content/uploads/sites/242/2024/12/Total-Shoulder-Arthroplasty.pdf,Total Shoulder Arthroplasty (TSA) — Updated 2024
3c2a2905abd5,total-shoulder-arthroplasty,uw-health-sports-medicine-tsa,active,2026-07-25,c3f22854713d,2026-07-25,https://bynder.uwhealth.org/m/362ceee39a327136/original/Shoulder-Arthroplasty-and-Reverse-Final.pdf,Total Shoulder Arthroplasty (TSA)
3c862d241b06,triceps-repair,orthopedic-and-sports-medicine,active,2026-08-02,c045e920d66a,2026-08-02,https://osmsgb.s3.amazonaws.com/wp-content/uploads/2022/06/06110614/OSMSPT.TricepsRepair.pdf,Triceps Repair
8ed4ee0d802d,triceps-repair,sanford-health-distal-triceps-tendon-repair,active,2026-07-25,7dbdb74327a2,2026-07-25,https://www.sanfordhealth.org/-/media/org/files/medical-professionals/resources-and-education/final_850-973-190-flyer-sosm-distal-triceps-repair-rehabilitation-guideline-8_5x11.pdf,Distal Triceps Tendon Repair
99d8e2282d5b,triceps-repair,sutter-health-palo-alto-medical-distal-triceps-tendon-repair,active,2026-07-25,bf8cf85f69b4,2026-07-25,https://www.kevinrothmd.com/pdfs/distal-triceps-repair-protocol-2024.pdf,Distal Triceps Tendon Repair
0aa58c8e6fd2,triceps-repair,university-of-virginia-orthopaedic,active,2026-07-25,6279f6de9b5c,2026-07-25,https://med.virginia.edu/orthopaedic-surgery/wp-content/uploads/sites/242/2024/09/Triceps-repair.pdf,Triceps Repair
ae743134d371,triceps-repair,uw-health-sports-medicine-triceps-tendon-repair,active,2026-07-25,89d1bd3cdb7f,2026-07-25,https://bynder.uwhealth.org/m/16d9b41adda4a0d7/original/Triceps-Repair-2024.pdf,Triceps Tendon Repair
f1e1d81b5b2f,trigger-finger-release,university-of-virginia-orthopaedic,active,2026-07-25,216b78e80986,2026-07-25,https://med.virginia.edu/orthopaedic-surgery/wp-content/uploads/sites/242/2024/09/Trigger-finger-release.pdf,Trigger Finger Release
b4f1c9c1c6bf,trigger-finger-release,uw-health-orthopedic-surgery-unitypoint-trigger-finger-a1-pulley,active,2026-07-25,215bdf744bbe,2026-07-25,https://bynder.uwhealth.org/m/496c2a67f79944b3/original/Rehab-Guideline-Trigger-Finger-A1-Pulley-Release.pdf,Trigger Finger A1 Pulley Release
0813b2ed6702,trochleoplasty-with-mpfl-reconstruction,mammoth-orthopedic-institute-sierra-and-lateral-retinaculum,active,2026-07-25,39a2189e8128,2026-07-25,https://www.mammothortho.com/pdf/trochleoplasty-mpfl-reconstruction-lateral-retinaculum-lengthening-protocol.pdf,Trochleoplasty with MPFL Reconstruction and Lateral Retinaculum Lengthening
b80737304f72,ucl-reconstruction,iortho-palmaris-longus-or-gracilis-graft,active,2026-07-25,6bd39d1a4e9d,2026-07-25,https://iorthomd.com/wp-content/uploads/2024/09/Rehabilitation-Guidelines-for-Ulnar-Collateral-Ligament-Reconstruction-Palmaris-Longus-or-Gracilis-Graft.pdf,Palmaris Longus or Gracilis Graft
ff3f941dcf4f,ucl-reconstruction,massachusetts-general-hospital-palmaris-longus-or-gracilis-graft,active,2026-07-25,2f9c96f6e463,2026-07-25,https://www.massgeneral.org/assets/MGH/pdf/orthopaedics/sports-medicine/physical-therapy/rehabilitation-protocol-for-UCL-reconstruction-gracilis-graft.pdf,UCL Reconstruction (Palmaris Longus or Gracilis Graft)
c3e268faed73,ucl-reconstruction,orthopaedic-associates-of-maine,active,2026-07-25,281e5a3cc810,2026-07-25,https://octanecdn.com/growthortho/growthortho_245650876.pdf,UCL Reconstruction
cdc3141386ee,ucl-reconstruction,saint-louis-university-slucare,active,2026-07-25,8a32f63b58d9,2026-07-25,https://www.slu.edu/medicine/orthopaedic-surgery/sports-medicine/-pdf/ucl-ligament-reconstruction-22.pdf,UCL Reconstruction
08b972ba6a02,ucl-reconstruction,sutter-health-palo-alto-medical-elbow-ucl-reconstruction,active,2026-07-25,82add86e51f1,2026-07-25,https://www.kevinrothmd.com/pdfs/elbow-ucl-reconstruction-protocol-2024.pdf,Elbow UCL Reconstruction
ac566d1bcf83,ucl-reconstruction,uw-health-sports-medicine-elbow-ucl-reconstruction,active,2026-07-25,511b55a22458,2026-07-25,https://bynder.uwhealth.org/m/d4bdbaa78b51a78b/original/Rehab-Guideline-Elbow-Ulnar-Collateral-Ligament-Reconstruction.pdf,Elbow UCL Reconstruction
fbc19f050929,ucl-repair,orthopaedic-associates-of-maine-arthrex-internal-brace,active,2026-07-25,2a8fd81594ce,2026-07-25,https://octanecdn.com/growthortho/growthortho_935585988.pdf,Arthrex Internal Brace
9ea964215be3,ucl-repair,saint-louis-university-slucare-internal-brace,active,2026-07-25,8b5faae5e8d8,2026-07-25,https://www.slu.edu/medicine/orthopaedic-surgery/sports-medicine/-pdf/ucl-repair-guidelines-final.pdf,Internal Brace
fe739a8a1485,ucl-repair,sutter-health-palo-alto-medical-elbow-ucl-repair,active,2026-07-25,bf3bb1157283,2026-07-25,https://www.kevinrothmd.com/pdfs/elbow-ucl-repair.pdf,Elbow UCL Repair
5fab1b8b96b7,ucl-repair,university-of-virginia-orthopaedic-elbow-ucl-repair-non-athlete,active,2026-07-25,fdf4f99d631d,2026-07-25,https://med.virginia.edu/orthopaedic-surgery/wp-content/uploads/sites/242/2024/09/Elbow-UCL-repair-non-athlete.pdf,Elbow UCL Repair — Non-Athlete
906fb43f7ea4,ucl-repair,university-of-virginia-orthopaedic-elbow-ucl-repair-throwing-athlete,active,2026-07-25,0131c19ecdae,2026-07-25,https://med.virginia.edu/orthopaedic-surgery/wp-content/uploads/sites/242/2024/09/Elbow-UCL-repair-throwing-athlete.pdf,Elbow UCL Repair — Throwing Athlete
39487e62d809,ucl-repair,uw-health-orthopedic-surgery-unitypoint-thumb-ucl-repair-conservative,active,2026-07-25,6c1b7a549ddf,2026-07-25,https://bynder.uwhealth.org/m/e4cf0d68885dcdef/original/Rehab-Guideline-Thumb-UCL-Repair-Conservative.pdf,Thumb UCL Repair — Conservative
c498cd4e2383,ucl-repair,uw-health-orthopedic-surgery-unitypoint-thumb-ucl-repair-early,active,2026-07-25,cc72b2f184df,2026-07-25,https://bynder.uwhealth.org/m/2610144d895cee62/original/Rehab-Guideline-Thumb-UCL-Repair-Early-Mobilization.pdf,Thumb UCL Repair — Early Mobilization
5d8935b63bfa,ucl-repair,uw-health-sports-medicine-with-internal-brace,active,2026-07-25,df4284772b2c,2026-07-25,https://bynder.uwhealth.org/m/9784925a48e1243c/original/Rehab-Guideline-UCL-Repair.pdf,UCL Repair with Internal Brace
54e0fb29c1c6,ucl-repair-reconstruction,samaritan-athletic-medicine-samaritan-elbow,active,2026-07-25,ae9e346a4f25,2026-07-25,https://samhealth.org/wp-content/uploads/Rehabilitation-Guidelines-for-Ulnar-Collateral-Ligament-Injury-338.pdf,UCL Repair / Reconstruction (Elbow)
d16275bac027,ulnar-shortening-osteotomy,uw-health,active,2026-07-25,0e8118d02f58,2026-07-25,https://bynder.uwhealth.org/m/cc2363e044e495fc/original/Rehab-Guideline-Ulnar-Shortening-Osteotomy.pdf,Ulnar Shortening Osteotomy
a87ac4a3ee63,vertebral-compression-fracture,brigham-and-womens-hospital-vertebral-augmentation-post-op,active,2026-07-25,d62051908e25,2026-07-25,https://www.brighamandwomens.org/assets/bwh/patients-and-families/rehabilitation-services/pdfs/t-spine-vertebral-augmentation.pdf,Vertebral Augmentation Post-Op (Kyphoplasty / Vertebroplasty)
81d846fcfede,wrist-partial-fusion,university-of-virginia-orthopaedic-4-corner-fusion,active,2026-07-25,2639db5f4be5,2026-07-25,https://med.virginia.edu/orthopaedic-surgery/wp-content/uploads/sites/242/2024/09/Wrist-Partial-Fusion-4-corner.pdf,Wrist Partial Fusion — 4-Corner Fusion
d6d9d4936696,wrist-partial-fusion,uw-health-four-corner-fusion-wrist-salvage,active,2026-07-25,4a64dde4b9a0,2026-07-25,https://bynder.uwhealth.org/m/031b91ffc48a248e/original/Rehab-Guideline-Four-corner-fusion-and-PRC-protocol.pdf,Four-Corner Fusion (Wrist Salvage)
6c1f8da1583f,wrist-total-arthroplasty,university-of-virginia-orthopaedic,active,2026-07-25,7873f41b4071,2026-07-25,https://med.virginia.edu/orthopaedic-surgery/wp-content/uploads/sites/242/2024/09/Wrist-Total-Arthroplasty.pdf,Wrist Total Arthroplasty
